"","ONTOLOGY","ID","Description","GeneRatio","BgRatio","RichFactor","FoldEnrichment","zScore","pvalue","p.adjust","qvalue","geneID","Count"
"GO:0003341","BP","GO:0003341","cilium movement","30/376","135/10715",0.222222222222222,6.33274231678487,11.8906371042039,2.36334439732107e-16,1.09139244268287e-12,9.71458933846186e-13,"Cfap91/Ulk4/Zmynd10/Ttc21a/Drc7/Iqub/Ccdc146/Cfap251/Ropn1l/Cfap276/Cimip2c/Ccdc40/Cfap69/Dnai1/Eno4/Cfap90/Spaca9/Cfap126/Dnaaf11/Rsph4a/Tekt1/Meig1/Dnai4/Pltp/Cfap52/Clxn/Nme5/Rsph1/Anxa5/Aqp4",30
"GO:0060285","BP","GO:0060285","cilium-dependent cell motility","26/376","111/10715",0.234234234234234,6.67505271228675,11.4611185691534,6.45744651115069e-15,9.94016266283129e-12,8.84783460562928e-12,"Ttc21a/Drc7/Iqub/Ccdc146/Cfap251/Ropn1l/Cfap276/Cimip2c/Ccdc40/Cfap69/Dnai1/Eno4/Cfap90/Spaca9/Cfap126/Dnaaf11/Rsph4a/Tekt1/Meig1/Pltp/Cfap52/Clxn/Nme5/Rsph1/Anxa5/Ift46",26
"GO:0044782","BP","GO:0044782","cilium organization","33/376","288/10715",0.114583333333333,3.2653202570922,7.43150272727134,1.75932328886769e-09,5.41636996532732e-07,4.82116311791461e-07,"Cfap91/Ulk4/Zmynd10/Ttc21a/Drc7/Iqub/Stil/Ccdc146/Cntrob/Ccdc40/Cfap69/Dnai1/Eno4/Hyls1/Cep97/Spaca9/Cfap126/Dnaaf11/Rsph4a/Ccdc96/Tekt1/Meig1/Dnai4/Cimap3/Wwtr1/B9d1/Clxn/Nme5/Dynlt2b/Rsph1/Gsn/Ift46/Dync2li1",33
"GO:0035082","BP","GO:0035082","axoneme assembly","15/376","62/10715",0.241935483870968,6.89451784488675,8.87643636281506,2.3590535812497e-09,6.80881839888194e-07,6.06059489130268e-07,"Cfap91/Ulk4/Zmynd10/Drc7/Ccdc40/Cfap69/Dnai1/Spaca9/Dnaaf11/Rsph4a/Meig1/Dnai4/Clxn/Rsph1/Ift46",15
"GO:0001578","BP","GO:0001578","microtubule bundle formation","16/376","92/10715",0.173913043478261,4.95605920444033,7.26714090852296,1.0603881566573e-07,2.44843625372171e-05,2.17937671144567e-05,"Cfap91/Ulk4/Zmynd10/Drc7/Ccdc40/Cfap69/Dnai1/Spaca9/Tppp3/Dnaaf11/Rsph4a/Meig1/Dnai4/Clxn/Rsph1/Ift46",16
"GO:0003351","BP","GO:0003351","epithelial cilium movement involved in extracellular fluid movement","10/376","33/10715",0.303030303030303,8.63555770470664,8.37725861069168,1.12997916160209e-07,2.48487798489451e-05,2.2118138476472e-05,"Ulk4/Iqub/Ropn1l/Ccdc40/Dnai1/Dnaaf11/Rsph4a/Nme5/Rsph1/Aqp4",10
"GO:0006858","BP","GO:0006858","extracellular transport","10/376","35/10715",0.285714285714286,8.14209726443769,8.0705778654757,2.10460091011398e-07,3.77617985771157e-05,3.36121409230783e-05,"Ulk4/Iqub/Ropn1l/Ccdc40/Dnai1/Dnaaf11/Rsph4a/Nme5/Rsph1/Aqp4",10
"GO:0006959","BP","GO:0006959","humoral immune response","12/376","75/10715",0.16,4.55957446808511,5.89913556473159,1.0369857022023e-05,0.00126021051915005,0.00112172553105262,"Adm/Trem2/A2m/Ccl6/Il1b/Wfdc2/Serping1/Rarres2/Rnase4/Lgals3/Hmgn2/Gapdh",12
"GO:0007204","BP","GO:0007204","positive regulation of cytosolic calcium ion concentration","11/376","70/10715",0.157142857142857,4.47815349544073,5.56743822637477,2.88819214714027e-05,0.00303128893988494,0.00269817950588104,"Gipr/P2rx7/Adm/Gper1/Il1b/Ccrl2/Kdr/Lrp6/Cd24a/Ednrb/Hmgb1",11
"GO:0061620","BP","GO:0061620","glycolytic process through glucose-6-phosphate","6/376","19/10715",0.31578947368421,8.9991601343785,6.65489136089559,3.30153899845028e-05,0.00332104369353005,0.00295609300522779,"Pfkl/Galk1/Gpi1/Eno1/Tpi1/Gapdh",6
"GO:0019730","BP","GO:0019730","antimicrobial humoral response","8/376","40/10715",0.2,5.69946808510638,5.67839022265717,6.12560077351945e-05,0.00565760487442257,0.00503588863591441,"Adm/Ccl6/Wfdc2/Rarres2/Rnase4/Lgals3/Hmgn2/Gapdh",8
"GO:0021782","BP","GO:0021782","glial cell development","13/376","104/10715",0.125,3.56216755319149,5.00698759325218,6.73458568820074e-05,0.00586798428454924,0.00522314937684685,"Ulk4/Mag/Trem2/Il1b/Zfp488/Ndrg1/Vim/Sox10/Cntf/Gfap/Eif2b5/Clu/Ntrk2",13
"GO:0050866","BP","GO:0050866","negative regulation of cell activation","13/376","104/10715",0.125,3.56216755319149,5.00698759325218,6.73458568820074e-05,0.00586798428454924,0.00522314937684685,"Mertk/Tnfaip3/Gper1/Trem2/Ceacam1/Fn1/Lgals3/Cd24a/Lgals1/Apoe/Prnp/Hmgb1/Cd9",13
"GO:0032612","BP","GO:0032612","interleukin-1 production","9/376","54/10715",0.166666666666667,4.74955673758865,5.267545719037,9.62076224879145e-05,0.00793369286873552,0.0070618565002877,"Tnfaip3/P2rx7/Trem2/Ceacam1/Il1b/Inava/S1pr3/Aqp4/Hmgb1",9
"GO:2000147","BP","GO:2000147","positive regulation of cell motility","28/376","370/10715",0.0756756756756757,2.15655549166187,4.31750217932335,0.000106474792428114,0.00847759640401774,0.00754599028006867,"Ctsh/Tnfaip6/Gper1/Trem2/Ccl6/Pgf/Cfap69/Il1b/Perp/Prr5/Fbxo5/Ezh2/Pdgfc/Kdr/Rarres2/Fn1/Lgals3/Anxa3/Vim/Acta2/Angpt1/Igfbp5/Sparc/S100a11/Gpi1/Bsg/Hmgb1/F3",28
"GO:0045765","BP","GO:0045765","regulation of angiogenesis","17/376","173/10715",0.0982658959537572,2.80031668921412,4.55240539057661,0.000120573223765627,0.00943740927711297,0.00840032897064716,"Ctsh/Cybb/Adm/Reck/Ceacam1/Pgf/Il1b/Adrb2/E2f2/Kdr/Lgals3/Anxa3/Emp2/Cnmd/Sparc/Hmgb1/F3",17
"GO:0070374","BP","GO:0070374","positive regulation of ERK1 and ERK2 cascade","13/376","112/10715",0.116071428571429,3.30772701367781,4.68176424188707,0.000145217331992885,0.0105754215801181,0.00941328469156419,"Gper1/Trem2/Il1b/Pdgfc/Ntsr2/Dcc/Kdr/Ccn2/Acta2/Angpt1/Mif/Apoe/Hmgb1",13
"GO:0010951","BP","GO:0010951","negative regulation of endopeptidase activity","5/376","16/10715",0.3125,8.90541888297872,6.03453430006566,0.000164320953467127,0.0109975965668289,0.0097890667168441,"Reck/Serping1/Timp3/Serpinb6a/Gapdh",5
"GO:0061718","BP","GO:0061718","glucose catabolic process to pyruvate","5/376","16/10715",0.3125,8.90541888297872,6.03453430006566,0.000164320953467127,0.0109975965668289,0.0097890667168441,"Pfkl/Gpi1/Eno1/Tpi1/Gapdh",5
"GO:0097529","BP","GO:0097529","myeloid leukocyte migration","13/376","114/10715",0.114035087719298,3.24969671519224,4.60504054655185,0.000173868763685454,0.0114703707242775,0.0102098875517548,"Tnfaip6/Trem2/Pgf/Il1b/Perp/Rarres2/Lgals3/Emp2/Mif/Bsg/Ednrb/Hmgb1/Cd9",13
"GO:0040017","BP","GO:0040017","positive regulation of locomotion","28/376","382/10715",0.0732984293193717,2.08881029297093,4.13238865300537,0.000182758290558929,0.0115623417703778,0.0102917518664551,"Ctsh/Tnfaip6/Gper1/Trem2/Ccl6/Pgf/Cfap69/Il1b/Perp/Prr5/Fbxo5/Ezh2/Pdgfc/Kdr/Rarres2/Fn1/Lgals3/Anxa3/Vim/Acta2/Angpt1/Igfbp5/Sparc/S100a11/Gpi1/Bsg/Hmgb1/F3",28
"GO:0032787","BP","GO:0032787","monocarboxylic acid metabolic process","28/376","385/10715",0.0727272727272727,2.07253384912959,4.08716045022335,0.000208202498690585,0.0129929613372043,0.0115651601335239,"P2rx7/Cthrc1/Slc16a3/Ceacam1/Acot4/Eno4/Il1b/Pon3/Ucp2/Etfbkmt/Pdk1/Grhpr/Pfkl/Galk1/Idh2/Ptgds/Btd/Hacd2/Mif/Acad11/Erlin2/Gpi1/Acaa2/Insig2/Eno1/Tpi1/Mid1ip1/Gapdh",28
"GO:0050918","BP","GO:0050918","positive chemotaxis","7/376","36/10715",0.194444444444444,5.54114952718676,5.20453861553168,0.000214380105195,0.0131291884598205,0.011686417208543,"Pgf/S100a4/Kdr/Lgals3/Angpt1/Mif/Hmgb1",7
"GO:0070371","BP","GO:0070371","ERK1 and ERK2 cascade","18/376","199/10715",0.0904522613065327,2.57764888271143,4.28392717626735,0.00021980438646956,0.0131291884598205,0.011686417208543,"Ctsh/Fam83d/Gper1/Trem2/Ceacam1/Il1b/Pdgfc/Ntsr2/Dcc/Kdr/Fn1/Ccn2/Acta2/Angpt1/Mif/Apoe/Ezr/Hmgb1",18
"GO:0030195","BP","GO:0030195","negative regulation of blood coagulation","5/376","17/10715",0.294117647058824,8.38157071339174,5.8083452659013,0.000226127010280209,0.0131291884598205,0.011686417208543,"Ceacam1/Serping1/Apoe/Anxa5/Cd9",5
"GO:0050819","BP","GO:0050819","negative regulation of coagulation","5/376","17/10715",0.294117647058824,8.38157071339174,5.8083452659013,0.000226127010280209,0.0131291884598205,0.011686417208543,"Ceacam1/Serping1/Apoe/Anxa5/Cd9",5
"GO:1900047","BP","GO:1900047","negative regulation of hemostasis","5/376","17/10715",0.294117647058824,8.38157071339174,5.8083452659013,0.000226127010280209,0.0131291884598205,0.011686417208543,"Ceacam1/Serping1/Apoe/Anxa5/Cd9",5
"GO:0060326","BP","GO:0060326","cell chemotaxis","15/376","150/10715",0.1,2.84973404255319,4.35061491168635,0.000247693132780695,0.0141215665084105,0.0125697424757455,"Tnfaip6/Ccl6/Pgf/Il1b/Ccrl2/Ch25h/Perp/Kdr/Rarres2/Lgals3/Clxn/Mif/Bsg/Ednrb/Hmgb1",15
"GO:0009191","BP","GO:0009191","ribonucleoside diphosphate catabolic process","11/376","89/10715",0.123595505617978,3.52214319866125,4.55627904363893,0.000268615157720173,0.0147674380756162,0.0131446389836751,"P2rx7/Eno4/Ucp2/Entpd2/Pfkl/Galk1/Cant1/Gpi1/Eno1/Tpi1/Gapdh",11
"GO:0061045","BP","GO:0061045","negative regulation of wound healing","6/376","28/10715",0.214285714285714,6.10657294832827,5.15954170283065,0.000350723284669913,0.0189922107236917,0.0169051498429523,"Ceacam1/Serping1/Apoe/Anxa5/Cd109/Cd9",6
"GO:0032652","BP","GO:0032652","regulation of interleukin-1 production","8/376","51/10715",0.156862745098039,4.47017104714226,4.73703264506178,0.000362165113362206,0.0190054374262121,0.0169169230583662,"Tnfaip3/P2rx7/Trem2/Ceacam1/Inava/S1pr3/Aqp4/Hmgb1",8
"GO:0051402","BP","GO:0051402","neuron apoptotic process","22/376","287/10715",0.0766550522648084,2.18446511972718,3.8787625075284,0.000488186584826724,0.0239148495971765,0.0212868381566352,"Mag/Trem2/Egln3/Mybl2/Il1b/Fam162a/Birc5/St8sia2/Ucp2/Kdr/Thrb/Angpt1/Cntf/Ppp2r2b/Apoe/Prnp/Gpi1/Bnip3/Mt1/Clu/Gapdh/Ntrk2",22
"GO:0002697","BP","GO:0002697","regulation of immune effector process","17/376","195/10715",0.0871794871794872,2.48438352427714,3.98920208079837,0.000502325771097039,0.0239148495971765,0.0212868381566352,"Tnfaip3/P2rx7/Trem2/A2m/Ceacam1/Il1b/H2-Q10/Serping1/Inava/Lgals3/Ap1g1/Cd24a/Angpt1/Lgals1/Mif/Gpi1/Hmgb1",17
"GO:0003352","BP","GO:0003352","regulation of cilium movement","5/376","20/10715",0.25,7.12433510638298,5.22774054528012,0.000519380848330919,0.024227280379719,0.0215649358078919,"Ccdc40/Cfap69/Rsph4a/Clxn/Anxa5",5
"GO:0014013","BP","GO:0014013","regulation of gliogenesis","11/376","97/10715",0.11340206185567,3.23165716165826,4.21039129735671,0.00056973734382192,0.0254824963208574,0.0226822156169105,"Mag/Trem2/Il1b/Gjc2/Zfp488/Ezh2/Vim/Idh2/Sox10/Gfap/Tmem98",11
"GO:0002252","BP","GO:0002252","immune effector process","23/376","310/10715",0.0741935483870968,2.11431880576527,3.79664280977052,0.000577988285095359,0.0254824963208574,0.0226822156169105,"Ctsh/Tnfaip3/P2rx7/Trem2/A2m/Ceacam1/Il1b/H2-Q10/Serping1/Inava/Lgals3/Anxa3/Ap1g1/Cd24a/Emp2/Angpt1/Ptgds/Lgals1/Mif/Tmem98/Gpi1/Hmgb1/Clu",23
"GO:2001212","BP","GO:2001212","regulation of vasculogenesis","4/376","12/10715",0.333333333333333,9.4991134751773,5.6174855488061,0.000590434626750052,0.0254824963208574,0.0226822156169105,"Adm/Ceacam1/Kdr/Emp2",4
"GO:0042552","BP","GO:0042552","myelination","13/376","131/10715",0.099236641221374,2.82798034757187,4.01432685182774,0.00068140528132816,0.0286066326288495,0.0254630394601576,"Ulk4/Mag/Gal3st1/Zfp488/Ndrg1/S100b/Sox10/Eif2b5/Bcas1/Tmem98/Clu/Cd9/Ntrk2",13
"GO:0006954","BP","GO:0006954","inflammatory response","28/376","415/10715",0.0674698795180723,1.92271212509613,3.655965926017,0.000696615611906846,0.0289817197818542,0.0257969081507466,"Ulk4/Cybb/Tnfaip6/Tnfaip3/P2rx7/Gper1/Trem2/A2m/Ccl6/Chia1/Il1b/Ccrl2/Gm15441/Ezh2/Rarres2/Fn1/Cd24a/Lgals1/Cntf/Mif/Apoe/Seh1l/Ednrb/S1pr3/Hmgb1/Lxn/F3/Clu",28
"GO:0071456","BP","GO:0071456","cellular response to hypoxia","12/376","116/10715",0.103448275862069,2.94800073367571,4.02268605952045,0.000750446427818527,0.0302327729334729,0.026910482620686,"Cybb/Trem2/Egln3/Slc2a4/Adrb2/Fam162a/Ccna2/Pdk1/Ndrg1/Acaa2/Eno1/Bnip3",12
"GO:0046596","BP","GO:0046596","regulation of viral entry into host cell","4/376","13/10715",0.307692307692308,8.7684124386252,5.34443689698235,0.000829370213283438,0.0324578952961264,0.0288910854850297,"Ch25h/Lgals1/Bsg/Hmgb1",4
"GO:0052548","BP","GO:0052548","regulation of endopeptidase activity","6/376","33/10715",0.181818181818182,5.18133462282398,4.58750006586208,0.000889139095068832,0.0336561011559661,0.0299576200711285,"Reck/Serping1/Psmb8/Timp3/Serpinb6a/Gapdh",6
"GO:0050000","BP","GO:0050000","chromosome localization","10/376","87/10715",0.114942528735632,3.2755563707508,4.06398342219928,0.000904710690689238,0.033967105443926,0.0302344479858064,"Fam83d/Spdl1/Birc5/Spdya/Spc24/Zw10/Katnb1/Gem/Seh1l/Nudc",10
"GO:0060972","BP","GO:0060972","left/right pattern formation","9/376","73/10715",0.123287671232877,3.51337073739435,4.10900654445153,0.000977402801871253,0.0364003720890439,0.0324003220824044,"Stil/Ccdc40/Dnai1/Dnaaf11/Cimap3/Cfap52/Lrp6/Alg5/Dync2li1",9
"GO:1900744","BP","GO:1900744","regulation of p38MAPK cascade","5/376","23/10715",0.217391304347826,6.19507400555042,4.75616220430375,0.00103360065920334,0.0370013011178375,0.0329352148036643,"Ulk4/Trem2/Il1b/Gsn/Ezr",5
"GO:0050878","BP","GO:0050878","regulation of body fluid levels","14/376","155/10715",0.0903225806451613,2.57395332875772,3.76405721482693,0.00109538685663858,0.0386061616078167,0.0343637165960485,"Mertk/Adm/Ceacam1/Adrb2/Serping1/Entpd2/Emp2/Angpt1/Apoe/Anxa5/Ednrb/Aqp4/F3/Cd9",14
"GO:0009185","BP","GO:0009185","ribonucleoside diphosphate metabolic process","11/376","105/10715",0.104761904761905,2.98543566362715,3.89873082760147,0.00111187083019481,0.0386061616078167,0.0343637165960485,"P2rx7/Eno4/Ucp2/Entpd2/Pfkl/Galk1/Cant1/Gpi1/Eno1/Tpi1/Gapdh",11
"GO:0030449","BP","GO:0030449","regulation of complement activation","4/376","14/10715",0.285714285714286,8.14209726443769,5.09927075173932,0.00112918949860925,0.0389149037655039,0.0346385309667646,"Trem2/A2m/Il1b/Serping1",4
"GO:0007099","BP","GO:0007099","centriole replication","5/376","24/10715",0.208333333333333,5.93694592198582,4.61727032801285,0.00126846585221588,0.042447647141543,0.0377830599000992,"Stil/Cntrob/Mdm1/Cetn4/Cetn2",5
"GO:0032370","BP","GO:0032370","positive regulation of lipid transport","7/376","48/10715",0.145833333333333,4.15586214539007,4.17876521641428,0.00131731569729982,0.0428405907755673,0.0381328228165736,"P2rx7/Trem2/Il1b/Pltp/Mif/Apoe/Abca1",7
"GO:0007596","BP","GO:0007596","blood coagulation","9/376","77/10715",0.116883116883117,3.33085797181542,3.91436803690226,0.00143637172534329,0.0437690675711371,0.0389592689624787,"Mertk/Ceacam1/Serping1/Entpd2/Angpt1/Apoe/Anxa5/F3/Cd9",9
"GO:0006081","BP","GO:0006081","aldehyde metabolic process","7/376","49/10715",0.142857142857143,4.07104863221884,4.10879449344038,0.00149142419166228,0.0437690675711371,0.0389592689624787,"Kdm3a/Grhpr/Idh2/Ednrb/Eno1/Tpi1/Gapdh",7
"GO:0001516","BP","GO:0001516","prostaglandin biosynthetic process","4/376","15/10715",0.266666666666667,7.59929078014184,4.87732259214927,0.00149751248944124,0.0437690675711371,0.0389592689624787,"Cthrc1/Il1b/Ptgds/Mif",4
"GO:0045939","BP","GO:0045939","negative regulation of steroid metabolic process","4/376","15/10715",0.266666666666667,7.59929078014184,4.87732259214927,0.00149751248944124,0.0437690675711371,0.0389592689624787,"Ch25h/Apoe/Erlin2/Insig2",4
"GO:0050860","BP","GO:0050860","negative regulation of T cell receptor signaling pathway","4/376","15/10715",0.266666666666667,7.59929078014184,4.87732259214927,0.00149751248944124,0.0437690675711371,0.0389592689624787,"Ceacam1/Lgals3/Prnp/Ezr",4
"GO:0043065","BP","GO:0043065","positive regulation of apoptotic process","28/376","439/10715",0.0637813211845103,1.81759802258518,3.33572715622354,0.00163396255990158,0.0462922644271504,0.0412051908066883,"Ctsh/P2rx7/Adm/Gper1/Pidd1/Mybl2/Il1b/Adrb2/Perp/Fam162a/St8sia2/Wwox/Ccn2/Lrp6/Plekhf1/Cd24a/S100b/Lgals1/Ppp2r2b/Eif2b5/Gsn/Katnb1/Anxa5/Prnp/Hmgb1/Tomm22/Bnip3/Clu",28
"GO:0033674","BP","GO:0033674","positive regulation of kinase activity","15/376","180/10715",0.0833333333333333,2.37477836879433,3.54717119104738,0.00166832333446116,0.0469775436496441,0.0418151644484649,"Stil/P2rx7/Trem2/Ceacam1/Il1b/Adrb2/Spdya/Ezh2/Pdgfc/Cimap3/Cd24a/Emp2/Angpt1/Mif/Prnp",15
"GO:0050817","BP","GO:0050817","coagulation","9/376","79/10715",0.113924050632911,3.24653245354161,3.82179646117134,0.00172341761443083,0.0479442321894071,0.0426756232362232,"Mertk/Ceacam1/Serping1/Entpd2/Angpt1/Apoe/Anxa5/F3/Cd9",9
"GO:0001913","BP","GO:0001913","T cell mediated cytotoxicity","5/376","26/10715",0.192307692307692,5.48025777414075,4.36165804071224,0.0018531618031547,0.0497552395753976,0.0442876183679259,"Ctsh/P2rx7/Ceacam1/H2-Q10/Emp2",5
"GO:1990000","BP","GO:1990000","amyloid fibril formation","5/376","26/10715",0.192307692307692,5.48025777414075,4.36165804071224,0.0018531618031547,0.0497552395753976,0.0442876183679259,"Trem2/Gsn/Serf1/Apoe/Clu",5
"GO:0001666","BP","GO:0001666","response to hypoxia","17/376","220/10715",0.0772727272727273,2.20206721470019,3.43541610365191,0.00191513406034613,0.0498207713737916,0.0443459488533783,"Cybb/Adm/Trem2/Egln3/Pgf/Slc2a4/Adrb2/Fam162a/Ucp2/Kdr/Ccna2/Pdk1/Ndrg1/Cd24a/Acaa2/Eno1/Bnip3",17
"GO:0090083","BP","GO:0090083","regulation of inclusion body assembly","4/376","16/10715",0.25,7.12433510638298,4.67495914025987,0.00194190966809928,0.0498207713737916,0.0443459488533783,"Apoe/Dnaja4/Psmc6/Clu",4
"GO:1902430","BP","GO:1902430","negative regulation of amyloid-beta formation","4/376","16/10715",0.25,7.12433510638298,4.67495914025987,0.00194190966809928,0.0498207713737916,0.0443459488533783,"Apoe/Prnp/Clu/Ntrk2",4
"GO:0051303","BP","GO:0051303","establishment of chromosome localization","9/376","81/10715",0.111111111111111,3.16637115839243,3.73213652629169,0.0020546818164034,0.0518498394980925,0.0461520419502749,"Fam83d/Spdl1/Birc5/Spdya/Spc24/Zw10/Gem/Seh1l/Nudc",9
"GO:0009611","BP","GO:0009611","response to wounding","22/376","322/10715",0.0683229813664596,1.94702325888727,3.29039921908066,0.00218834755555447,0.0545575055170745,0.0485621615746566,"Gipr/Mertk/Tnfaip3/Mag/Trem2/Ceacam1/A330069E16Rik/Serping1/Kdr/Fn1/Entpd2/Cd24a/Angpt1/Cntf/Apoe/S100a10/Anxa5/Cd109/Hmgb1/F3/Bnip3/Cd9",22
"GO:0010594","BP","GO:0010594","regulation of endothelial cell migration","11/376","115/10715",0.0956521739130435,2.72583256244218,3.54833914379788,0.00232615743004685,0.0559489323539394,0.0498006840149833,"Ceacam1/Kdr/Anxa3/Emp2/Angpt1/Apoe/Dnaja4/Sparc/Gpi1/Bsg/Hmgb1",11
"GO:0044703","BP","GO:0044703","multi-organism reproductive process","11/376","115/10715",0.0956521739130435,2.72583256244218,3.54833914379788,0.00232615743004685,0.0559489323539394,0.0498006840149833,"Iqub/Adm/Reck/Ropn1l/A2m/Tppp3/Emp2/Nme5/Rsph1/Igfbp5/Bsg",11
"GO:0031643","BP","GO:0031643","positive regulation of myelination","4/376","17/10715",0.235294117647059,6.70525657071339,4.48930197649341,0.00246984279358207,0.057586665920449,0.0512584464496714,"Mag/Zfp488/S100b/Sox10",4
"GO:0036315","BP","GO:0036315","cellular response to sterol","4/376","17/10715",0.235294117647059,6.70525657071339,4.48930197649341,0.00246984279358207,0.057586665920449,0.0512584464496714,"Gramd1c/Lrp6/Insig2/Abca1",4
"GO:0045109","BP","GO:0045109","intermediate filament organization","4/376","17/10715",0.235294117647059,6.70525657071339,4.48930197649341,0.00246984279358207,0.057586665920449,0.0512584464496714,"Tchh/Bfsp2/Vim/Gfap",4
"GO:0043523","BP","GO:0043523","regulation of neuron apoptotic process","18/376","245/10715",0.073469387755102,2.09368215371255,3.30241237237027,0.00248998936367476,0.057586665920449,0.0512584464496714,"Mag/Trem2/Egln3/Mybl2/Il1b/Birc5/St8sia2/Ucp2/Kdr/Angpt1/Cntf/Ppp2r2b/Apoe/Prnp/Gpi1/Mt1/Clu/Ntrk2",18
"GO:0007368","BP","GO:0007368","determination of left/right symmetry","8/376","68/10715",0.117647058823529,3.3526282853567,3.71128767475571,0.00250611036112921,0.057586665920449,0.0512584464496714,"Stil/Ccdc40/Dnai1/Dnaaf11/Cfap52/Lrp6/Alg5/Dync2li1",8
"GO:0050830","BP","GO:0050830","defense response to Gram-positive bacterium","6/376","40/10715",0.15,4.27460106382979,3.95671644688548,0.00250647896275666,0.057586665920449,0.0512584464496714,"P2rx7/Adm/Il1b/Rarres2/Rnase4/Seh1l",6
"GO:0072526","BP","GO:0072526","pyridine-containing compound catabolic process","9/376","84/10715",0.107142857142857,3.05328647416413,3.60273738411399,0.00264480913480595,0.0602165707585815,0.0535993500973903,"P2rx7/Eno4/Ucp2/Pfkl/Galk1/Gpi1/Eno1/Tpi1/Gapdh",9
"GO:1905818","BP","GO:1905818","regulation of chromosome separation","7/376","54/10715",0.12962962962963,3.69409968479117,3.78479224464466,0.00264702552273539,0.0602165707585815,0.0535993500973903,"Ncapg2/Spdl1/Fbxo5/Birc5/Spc24/Zw10/Cdc16",7
"GO:0042304","BP","GO:0042304","regulation of fatty acid biosynthetic process","5/376","29/10715",0.172413793103448,4.91333455612619,4.02410095642122,0.00306911154718783,0.0664686553802044,0.0591643908868496,"Ceacam1/Il1b/Erlin2/Insig2/Mid1ip1",5
"GO:0034249","BP","GO:0034249","negative regulation of amide metabolic process","4/376","18/10715",0.222222222222222,6.33274231678487,4.31803669949769,0.00308861290223723,0.0664686553802044,0.0591643908868496,"Apoe/Prnp/Clu/Ntrk2",4
"GO:0043116","BP","GO:0043116","negative regulation of vascular permeability","4/376","18/10715",0.222222222222222,6.33274231678487,4.31803669949769,0.00308861290223723,0.0664686553802044,0.0591643908868496,"Adm/Ceacam1/Angpt1/Apoe",4
"GO:0046456","BP","GO:0046456","icosanoid biosynthetic process","4/376","18/10715",0.222222222222222,6.33274231678487,4.31803669949769,0.00308861290223723,0.0664686553802044,0.0591643908868496,"Cthrc1/Il1b/Ptgds/Mif",4
"GO:0007286","BP","GO:0007286","spermatid development","10/376","103/10715",0.0970873786407767,2.76673208014873,3.43574689359902,0.00325345323766237,0.0686047810571911,0.0610657769433866,"Ttc21a/Drc7/Ccdc146/Ropn1l/Cfap69/Meig1/Kdm3a/Cfap52/Nme5/Rsph1",10
"GO:0015718","BP","GO:0015718","monocarboxylic acid transport","8/376","71/10715",0.112676056338028,3.2109679352712,3.56442648089119,0.0032936336869932,0.06913636530243,0.0615389452043466,"P2rx7/Slc16a3/Ceacam1/Slc5a8/Il1b/Ucp2/Mif/Apoe",8
"GO:0001906","BP","GO:0001906","cell killing","9/376","87/10715",0.103448275862069,2.94800073367571,3.47899212247514,0.00336182171714399,0.0702483832116332,0.0625287630647643,"Ctsh/P2rx7/Ceacam1/H2-Q10/Lgals3/Ap1g1/Emp2/Hmgn2/Gapdh",9
"GO:0051347","BP","GO:0051347","positive regulation of transferase activity","16/376","214/10715",0.0747663551401869,2.13064227480612,3.18601086851944,0.0035736167129234,0.0741105217721295,0.0659664898270306,"Stil/P2rx7/Trem2/Ceacam1/Il1b/Adrb2/Spdya/Ezh2/Pdgfc/Cimap3/Cd24a/Emp2/Angpt1/Mif/Apoe/Prnp",16
"GO:0007189","BP","GO:0007189","adenylate cyclase-activating G protein-coupled receptor signaling pathway","8/376","72/10715",0.111111111111111,3.16637115839243,3.51720399759665,0.00359488069684696,0.0741123172233896,0.0659680879755046,"Gipr/Adm/Gper1/Calcrl/Adrb2/Adgre5/S1pr3/Abca1",8
"GO:0010965","BP","GO:0010965","regulation of mitotic sister chromatid separation","6/376","43/10715",0.13953488372093,3.97637308263236,3.72931582087542,0.00364497232018946,0.0741519038530172,0.0660033244161365,"Spdl1/Fbxo5/Birc5/Spc24/Zw10/Cdc16",6
"GO:0002819","BP","GO:0002819","regulation of adaptive immune response","10/376","105/10715",0.0952380952380952,2.71403242147923,3.36578573839116,0.00374068358141803,0.0757037420404164,0.0673846305458791,"Tnfaip3/P2rx7/Trem2/Ceacam1/Il1b/H2-Q10/Cd24a/Lgals1/Mif/Hmgb1",10
"GO:0002460","BP","GO:0002460","adaptive immune response based on somatic recombination of immune receptors built from immunoglobulin superfamily domains","13/376","160/10715",0.08125,2.31540890957447,3.19684903055856,0.00413609634403574,0.0816260381057993,0.0726561233623912,"Ctsh/Tnfaip3/P2rx7/Trem2/Ceacam1/Il1b/H2-Q10/Serping1/Cd24a/Emp2/Lgals1/Tmem98/Hmgb1",13
"GO:1905907","BP","GO:1905907","negative regulation of amyloid fibril formation","3/376","10/10715",0.3,8.54920212765957,4.55447364831011,0.00427949585357697,0.0826891709281107,0.0736024281357325,"Trem2/Apoe/Clu",3
"GO:0051304","BP","GO:0051304","chromosome separation","7/376","59/10715",0.11864406779661,3.38104038946989,3.49724564560949,0.00439141628970875,0.0841475536343361,0.0749005486408065,"Ncapg2/Spdl1/Fbxo5/Birc5/Spc24/Zw10/Cdc16",7
"GO:0002053","BP","GO:0002053","positive regulation of mesenchymal cell proliferation","4/376","20/10715",0.2,5.69946808510638,4.0114721717555,0.00462679845687458,0.0854662210953872,0.0760743072593483,"Prrx1/Kdr/Lrp6/Hmgb1",4
"GO:0034110","BP","GO:0034110","regulation of homotypic cell-cell adhesion","4/376","20/10715",0.2,5.69946808510638,4.0114721717555,0.00462679845687458,0.0854662210953872,0.0760743072593483,"Ceacam1/Cd24a/Lgals1/Cd9",4
"GO:0046184","BP","GO:0046184","aldehyde biosynthetic process","4/376","20/10715",0.2,5.69946808510638,4.0114721717555,0.00462679845687458,0.0854662210953872,0.0760743072593483,"Kdm3a/Eno1/Tpi1/Gapdh",4
"GO:0048483","BP","GO:0048483","autonomic nervous system development","4/376","20/10715",0.2,5.69946808510638,4.0114721717555,0.00462679845687458,0.0854662210953872,0.0760743072593483,"Phactr4/Fn1/Sox10/Ednrb",4
"GO:0071900","BP","GO:0071900","regulation of protein serine/threonine kinase activity","13/376","163/10715",0.0797546012269939,2.27279402166819,3.12259035192932,0.00483951423412242,0.0890393495345711,0.0792547833266851,"Ulk4/Stil/Tnfaip3/P2rx7/Ceacam1/Il1b/Adrb2/Spdya/Ezh2/Lrp6/Cd24a/Mif/Apoe",13
"GO:0002709","BP","GO:0002709","regulation of T cell mediated immunity","6/376","46/10715",0.130434782608696,3.71704440333025,3.52163442053443,0.00512854484145849,0.0925141409291222,0.082347728642662,"P2rx7/Ceacam1/Il1b/H2-Q10/Cd24a/Hmgb1",6
"GO:0002688","BP","GO:0002688","regulation of leukocyte chemotaxis","7/376","61/10715",0.114754098360656,3.27018660620858,3.39078773960478,0.00529077093943153,0.0943340396373984,0.0839676380260402,"Tnfaip6/Pgf/Il1b/Perp/Rarres2/Mif/Hmgb1",7
"GO:0061041","BP","GO:0061041","regulation of wound healing","7/376","61/10715",0.114754098360656,3.27018660620858,3.39078773960478,0.00529077093943153,0.0943340396373984,0.0839676380260402,"Ceacam1/Serping1/Apoe/Anxa5/Cd109/Hmgb1/Cd9",7
"GO:0071174","BP","GO:0071174","mitotic spindle checkpoint signaling","5/376","33/10715",0.151515151515152,4.31777885235332,3.64006042965469,0.00546943378237985,0.0957999613802868,0.0852724691003214,"Stil/Spdl1/Birc5/Spc24/Zw10",5
"GO:0022412","BP","GO:0022412","cellular process involved in reproduction in multicellular organism","15/376","204/10715",0.0735294117647059,2.09539267834794,3.01226638414759,0.00549459302220266,0.0957999613802868,0.0852724691003214,"Ttc21a/Drc7/Tnfaip6/Ccdc146/Ropn1l/Cdkn1c/Cfap69/Fbxo5/Spdya/Meig1/Kdm3a/Cfap52/Nme5/Rsph1/Cd9",15
"GO:0002920","BP","GO:0002920","regulation of humoral immune response","4/376","21/10715",0.19047619047619,5.42806484295846,3.87332559078336,0.00555963396490188,0.0957999613802868,0.0852724691003214,"Trem2/A2m/Il1b/Serping1",4
"GO:0036314","BP","GO:0036314","response to sterol","4/376","21/10715",0.19047619047619,5.42806484295846,3.87332559078336,0.00555963396490188,0.0957999613802868,0.0852724691003214,"Gramd1c/Lrp6/Insig2/Abca1",4
"GO:0051043","BP","GO:0051043","regulation of membrane protein ectodomain proteolysis","4/376","21/10715",0.19047619047619,5.42806484295846,3.87332559078336,0.00555963396490188,0.0957999613802868,0.0852724691003214,"Il1b/Timp3/Apoe/Timp4",4
"GO:0046166","BP","GO:0046166","glyceraldehyde-3-phosphate biosynthetic process","3/376","11/10715",0.272727272727273,7.77200193423598,4.28519748812095,0.00573251421656274,0.0959157632321983,0.0853755454449943,"Eno1/Tpi1/Gapdh",3
"GO:0060295","BP","GO:0060295","regulation of cilium movement involved in cell motility","3/376","11/10715",0.272727272727273,7.77200193423598,4.28519748812095,0.00573251421656274,0.0959157632321983,0.0853755454449943,"Cfap69/Clxn/Anxa5",3
"GO:0031514","CC","GO:0031514","motile cilium","31/376","169/10715",0.183431952662722,5.22732279994964,10.5631964479747,2.14205212688924e-14,1.78159928236564e-11,1.58581869518311e-11,"Ctsh/Cfap91/Drc7/Iqub/Cfap251/Ropn1l/Cfap276/Cimip2c/Cimap1b/Ccdc40/Cfap69/Dnai1/Eno4/Cfap90/Spaca9/Cfap126/Dnaaf11/Dynlt4/Rsph4a/Tekt1/Dnai4/Cfap52/Cd24a/Drc3/Acta2/Clxn/Nme5/Rsph1/Ift46/Cetn2/Dync2li1",31
"GO:0005930","CC","GO:0005930","axoneme","24/376","117/10715",0.205128205128205,5.8456082924168,10.0498540097538,1.63617838688033e-12,9.44483973826673e-10,8.40694289574698e-10,"Ctsh/Cfap91/Iqub/Ropn1l/Cfap276/Cimip2c/Ccdc40/Cfap69/Dnai1/Cfap90/Spaca9/Cfap126/Dynlt4/Rsph4a/Ccdc96/Tekt1/Dnai4/Cfap52/Drc3/Clxn/Nme5/Dynlt2b/Rsph1/Dync2li1",24
"GO:0031012","CC","GO:0031012","extracellular matrix","31/376","231/10715",0.134199134199134,3.82431841208437,8.27535468508736,1.08005673121553e-10,3.83669383442563e-08,3.41507816631307e-08,"Plscr2/Ltbp1/S100a3/Cthrc1/Col8a2/Adamts8/Ccn5/Col20a1/Serping1/S100a6/Rarres2/Fn1/Lgals3/Ccn2/Anxa3/Entpd2/Acta2/Angpt1/Lgals1/Prelp/Anxa4/Timp3/Apoe/S100a10/Sparc/Anxa5/S100a11/Serpinb6a/Timp4/F3/Clu",31
"GO:0009986","CC","GO:0009986","cell surface","34/376","439/10715",0.0774487471526196,2.20708331313915,4.92479247287202,1.18368064599638e-05,0.00136655930580283,0.00121638761121471,"P2rx7/Trem2/Ccn5/Ceacam1/Slc2a4/Ccrl2/H2-Q10/Pdgfc/Ntsr2/Adgre5/Dcc/Kdr/Lgals3/Lrp6/Entpd2/Cd24a/Smim1/Emp2/Lgals1/Anxa4/Mif/Apoe/S100a10/Sparc/Anxa5/Prnp/Aqp4/Hmgb1/Eno1/F3/Abca1/Clu/Cd9/Ntrk2",34
"GO:0160110","CC","GO:0160110","axonemal microtubule doublet inner sheath","7/376","25/10715",0.28,7.97925531914894,6.66224675210426,1.72281819116957e-05,0.00194048156263929,0.00172724134442033,"Cfap276/Cimip2c/Cfap90/Spaca9/Cfap126/Tekt1/Cfap52",7
"GO:0045121","CC","GO:0045121","membrane raft","21/376","213/10715",0.0985915492957746,2.8095969433623,5.0870513855326,1.8574471943348e-05,0.00199481189382282,0.00177560129593082,"Plscr2/Mag/Trem2/Slc2a4/Myo1d/Adrb2/Kdr/Lrp6/Stom/Cd24a/Emp2/Angpt1/Tuba1c/Rhoq/S100a10/Prnp/Erlin2/Ezr/Hmgb1/Eno1/Abca1",21
"GO:0009897","CC","GO:0009897","external side of plasma membrane","14/376","143/10715",0.0979020979020979,2.78994941228984,4.10923212253362,0.0004915879445137,0.0239148495971765,0.0212868381566352,"P2rx7/Ceacam1/Slc2a4/Ccrl2/H2-Q10/Adgre5/Kdr/Lgals3/Cd24a/Apoe/Anxa5/Aqp4/Abca1/Cd9",14
"GO:0097386","CC","GO:0097386","glial cell projection","7/376","45/10715",0.155555555555556,4.43291962174941,4.4006634675953,0.000888487152855232,0.0336561011559661,0.0299576200711285,"Dnai1/Lgals3/Cntf/Gfap/Cetn2/Ezr/Aqp4",7
"GO:0120293","CC","GO:0120293","dynein axonemal particle","4/376","15/10715",0.266666666666667,7.59929078014184,4.87732259214927,0.00149751248944124,0.0437690675711371,0.0389592689624787,"Zmynd10/Dnaaf11/Dnai4/Dynlt2b",4
"GO:0098552","CC","GO:0098552","side of membrane","22/376","332/10715",0.0662650602409639,1.88837798000513,3.13570989122406,0.00318418683480567,0.0674521779960211,0.0600398338479776,"P2rx7/Reck/Ceacam1/Slc2a4/Pgm5/Ccrl2/H2-Q10/S100a6/Adgre5/Kdr/Lgals3/Cd24a/Gfap/Apoe/Alg5/Anxa5/Gem/Prnp/Aqp4/Cd109/Abca1/Cd9",22
"GO:0005902","CC","GO:0005902","microvillus","7/376","59/10715",0.11864406779661,3.38104038946989,3.49724564560949,0.00439141628970875,0.0841475536343361,0.0749005486408065,"Ceacam1/Myo1d/Myo1h/Wwox/Cd24a/Angpt1/Ezr",7
"GO:0005814","CC","GO:0005814","centriole","10/376","111/10715",0.0900900900900901,2.56732796626414,3.16531538450945,0.00555650555547075,0.0957999613802868,0.0852724691003214,"Stil/Ccdc146/Cntrob/Hyls1/Cep97/Birc5/Mdm1/Cetn4/Capg/Cetn2",10
"GO:0004866","MF","GO:0004866","endopeptidase inhibitor activity","12/376","51/10715",0.235294117647059,6.70525657071339,7.78808486866343,1.34804373502325e-07,2.82966634924427e-05,2.51871329438555e-05,"Reck/A2m/Wfdc2/Serping1/Birc5/Timp3/Prnp/Serpinb6a/Timp4/Cd109/Lxn/Gapdh",12
"GO:0048306","MF","GO:0048306","calcium-dependent protein binding","12/376","61/10715",0.19672131147541,5.60603418207185,6.8796477743534,1.07718354818824e-06,0.000171532193983907,0.000152682459371146,"S100a3/A2m/Spaca9/Myo1d/S100a6/S100a4/Anxa3/S100b/Clxn/Anxa4/S100a10/S100a11",12
"GO:0038023","MF","GO:0038023","signaling receptor activity","30/376","328/10715",0.0914634146341463,2.60646406331085,5.63499255604396,1.46342715960158e-06,0.000211190831970002,0.000187982995336979,"Gipr/Il10rb/Ctsh/Mertk/Gabra3/P2rx7/Prokr2/Reck/Gper1/Trem2/Htr5b/Calcrl/Adrb2/Ccrl2/Ntsr2/Adgre5/Dcc/Kdr/Lgals3/Paqr6/Lrp6/Thrb/B9d1/Prnp/Bsg/Ednrb/S1pr3/F3/Abca1/Ntrk2",30
"GO:0048018","MF","GO:0048018","receptor ligand activity","20/376","173/10715",0.115606936416185,3.29449022260485,5.80200679168914,2.66858675959378e-06,0.000365731975197819,0.000325541556642767,"Adm/Jag2/Ccl6/Ccn5/Pgf/Il1b/Pdgfc/S100a4/Fn1/Lgals3/Ccn2/Angpt1/Lgals1/Cntf/Mif/Apoe/Igfbp5/Gpi1/Hmgb1/Clu",20
"GO:0030546","MF","GO:0030546","signaling receptor activator activity","20/376","178/10715",0.112359550561798,3.20194836241932,5.64922818377073,4.15302786229215e-06,0.000532741185224032,0.000474198064393299,"Adm/Jag2/Ccl6/Ccn5/Pgf/Il1b/Pdgfc/S100a4/Fn1/Lgals3/Ccn2/Angpt1/Lgals1/Cntf/Mif/Apoe/Igfbp5/Gpi1/Hmgb1/Clu",20
"GO:0005509","MF","GO:0005509","calcium ion binding","25/376","301/10715",0.0830564784053156,2.36688873966212,4.58709888897619,5.7034896112253e-05,0.00537524796421193,0.00478456002832112,"Plscr2/Tnfaip6/Ltbp1/S100a3/Jag2/Cdh22/Dsc1/Pvalb/S100a6/Capn3/Adgre5/S100a4/Cetn4/Anxa3/Pamr1/S100b/Clxn/Anxa4/Cant1/Gsn/S100a10/Sparc/Anxa5/S100a11/Cetn2",25
"GO:0005539","MF","GO:0005539","glycosaminoglycan binding","12/376","109/10715",0.110091743119266,3.13732188170994,4.27698616523511,0.0004259179219546,0.0215485955131593,0.0191806125866488,"Tnfaip6/Trem2/Adamts8/Ccn5/Adgre5/Fn1/Ccn2/Prelp/Apoe/Prnp/Hmgb1/Lxn",12
"GO:0042562","MF","GO:0042562","hormone binding","7/376","42/10715",0.166666666666667,4.74955673758865,4.64292636471664,0.000578121477568477,0.0254824963208574,0.0226822156169105,"Gipr/Ctsh/Gper1/Calcrl/Thrb/Anxa5/Ednrb",7
"GO:0044548","MF","GO:0044548","S100 protein binding","4/376","12/10715",0.333333333333333,9.4991134751773,5.6174855488061,0.000590434626750052,0.0254824963208574,0.0226822156169105,"S100a6/S100b/S100a11/Ezr",4
"GO:0140678","MF","GO:0140678","molecular function inhibitor activity","23/376","316/10715",0.0727848101265823,2.07417351198492,3.69617620592449,0.000752856292538539,0.0302327729334729,0.026910482620686,"Ppp1r17/Ltbp1/Reck/A2m/Cdkn1c/Phactr4/Ppp1r36/Wfdc2/Serping1/Fbxo5/Birc5/Lrp6/Anxa3/Stom/Cabin1/Timp3/Ppp1r14b/Prnp/Serpinb6a/Timp4/Cd109/Lxn/Gapdh",23
"GO:0048029","MF","GO:0048029","monosaccharide binding","7/376","46/10715",0.152173913043478,4.33655180388529,4.324594645585,0.00101692115570281,0.0370013011178375,0.0329352148036643,"Egln3/Lgals3/Pfkl/Galk1/Lgals1/Gpi1/Bsg",7
"GO:0005178","MF","GO:0005178","integrin binding","10/376","89/10715",0.112359550561798,3.20194836241932,3.97784359912298,0.00108081685722931,0.038393940359115,0.0341748164168458,"Ccn5/Il1b/Kdr/Fn1/Ccn2/Emp2/Gfap/S1pr3/Hmgb1/Cd9",10
"GO:0045504","MF","GO:0045504","dynein heavy chain binding","4/376","15/10715",0.266666666666667,7.59929078014184,4.87732259214927,0.00149751248944124,0.0437690675711371,0.0389592689624787,"Dnai1/Dnai4/Clxn/Dync2li1",4
"GO:0071813","MF","GO:0071813","lipoprotein particle binding","4/376","16/10715",0.25,7.12433510638298,4.67495914025987,0.00194190966809928,0.0498207713737916,0.0443459488533783,"Trem2/Pltp/Apoe/Abca1",4
"GO:0120020","MF","GO:0120020","cholesterol transfer activity","4/376","16/10715",0.25,7.12433510638298,4.67495914025987,0.00194190966809928,0.0498207713737916,0.0443459488533783,"Gramd1c/Pltp/Apoe/Abca1",4
"GO:0050839","MF","GO:0050839","cell adhesion molecule binding","14/376","173/10715",0.0809248554913295,2.30614315582339,3.30280398946408,0.00308457495009375,0.0664686553802044,0.0591643908868496,"Ccn5/Cdh22/Il1b/Kdr/Fn1/Ccn2/Ndrg1/Emp2/Gfap/Bsg/S1pr3/Ezr/Hmgb1/Cd9",14
"GO:0017046","MF","GO:0017046","peptide hormone binding","4/376","18/10715",0.222222222222222,6.33274231678487,4.31803669949769,0.00308861290223723,0.0664686553802044,0.0591643908868496,"Gipr/Calcrl/Anxa5/Ednrb",4
"GO:0019956","MF","GO:0019956","chemokine binding","3/376","10/10715",0.3,8.54920212765957,4.55447364831011,0.00427949585357697,0.0826891709281107,0.0736024281357325,"A2m/Ccrl2/Hmgb1",3
