ensembl_gene_id,ensembl_transcript_id,gene_biotype,transcript_biotype,transcript_position,RBP,score,unpaired_probability,chromosome,region,exon_start,exon_end
29580,100497.10,1,1,1280,008,1.0,0.7539064999999999,chr5,3;3,142903748,142903754
29580,100497.10,1,1,1299,187,1.0,0.5713428,chr5,3;3,142903729,142903735
29580,100497.10,1,1,1299,225,1.0,0.5713428,chr5,3;3,142903729,142903735
29580,100497.10,1,1,1300,187,1.0,0.5636329000000001,chr5,3;3,142903728,142903734
29580,100497.10,1,1,1300,225,1.0,0.5636329000000001,chr5,3;3,142903728,142903734
29580,100497.10,1,1,1301,187,1.0,0.5525169,chr5,3;3,142903727,142903733
29580,100497.10,1,1,1301,225,1.0,0.5525169,chr5,3;3,142903727,142903733
29580,100497.10,1,1,1356,258,1.0,0.5323743000000001,chr5,3;3,142903672,142903678
29580,100497.10,1,1,1356,110,1.0,0.5323743000000001,chr5,3;3,142903672,142903678
29580,100497.10,1,1,1356,405,1.0,0.5323743000000001,chr5,3;3,142903672,142903678
29580,100497.10,1,1,1356,015,0.786294229566558,0.5323743000000001,chr5,3;3,142903672,142903678
29580,100497.10,1,1,1356,433,1.0,0.5323743000000001,chr5,3;3,142903672,142903678
29580,100497.10,1,1,1356,418,0.773898781071913,0.5323743000000001,chr5,3;3,142903672,142903678
29580,100497.10,1,1,1356,121,1.0,0.5323743000000001,chr5,3;3,142903672,142903678
29580,100497.10,1,1,1356,068,1.0,0.5323743000000001,chr5,3;3,142903672,142903678
29580,100497.10,1,1,1356,124,1.0,0.5323743000000001,chr5,3;3,142903672,142903678
29580,100497.10,1,1,1356,054,1.0,0.5323743000000001,chr5,3;3,142903672,142903678
29580,100497.10,1,1,1357,258,1.0,0.5789305,chr5,3;3,142903671,142903677
29580,100497.10,1,1,1357,110,1.0,0.5789305,chr5,3;3,142903671,142903677
29580,100497.10,1,1,1357,405,1.0,0.5789305,chr5,3;3,142903671,142903677
29580,100497.10,1,1,1357,015,0.786294229566558,0.5789305,chr5,3;3,142903671,142903677
29580,100497.10,1,1,1357,433,1.0,0.5789305,chr5,3;3,142903671,142903677
29580,100497.10,1,1,1357,418,0.773898781071913,0.5789305,chr5,3;3,142903671,142903677
29580,100497.10,1,1,1357,121,1.0,0.5789305,chr5,3;3,142903671,142903677
29580,100497.10,1,1,1357,068,1.0,0.5789305,chr5,3;3,142903671,142903677
29580,100497.10,1,1,1357,124,1.0,0.5789305,chr5,3;3,142903671,142903677
29580,100497.10,1,1,1357,054,1.0,0.5789305,chr5,3;3,142903671,142903677
29580,100497.10,1,1,1358,258,1.0,0.6673534000000001,chr5,3;3,142903670,142903676
29580,100497.10,1,1,1358,110,1.0,0.6673534000000001,chr5,3;3,142903670,142903676
29580,100497.10,1,1,1358,405,1.0,0.6673534000000001,chr5,3;3,142903670,142903676
29580,100497.10,1,1,1358,015,0.786294229566558,0.6673534000000001,chr5,3;3,142903670,142903676
29580,100497.10,1,1,1358,433,1.0,0.6673534000000001,chr5,3;3,142903670,142903676
29580,100497.10,1,1,1358,418,0.773898781071913,0.6673534000000001,chr5,3;3,142903670,142903676
29580,100497.10,1,1,1358,121,1.0,0.6673534000000001,chr5,3;3,142903670,142903676
29580,100497.10,1,1,1358,068,1.0,0.6673534000000001,chr5,3;3,142903670,142903676
29580,100497.10,1,1,1358,124,1.0,0.6673534000000001,chr5,3;3,142903670,142903676
29580,100497.10,1,1,1358,054,1.0,0.6673534000000001,chr5,3;3,142903670,142903676
29580,100497.10,1,1,1359,258,1.0,0.8225099,chr5,3;3,142903669,142903675
29580,100497.10,1,1,1359,110,1.0,0.8225099,chr5,3;3,142903669,142903675
29580,100497.10,1,1,1359,405,1.0,0.8225099,chr5,3;3,142903669,142903675
29580,100497.10,1,1,1359,015,0.786294229566558,0.8225099,chr5,3;3,142903669,142903675
29580,100497.10,1,1,1359,433,1.0,0.8225099,chr5,3;3,142903669,142903675
29580,100497.10,1,1,1359,418,0.773898781071913,0.8225099,chr5,3;3,142903669,142903675
29580,100497.10,1,1,1359,121,1.0,0.8225099,chr5,3;3,142903669,142903675
29580,100497.10,1,1,1359,068,1.0,0.8225099,chr5,3;3,142903669,142903675
29580,100497.10,1,1,1359,124,1.0,0.8225099,chr5,3;3,142903669,142903675
29580,100497.10,1,1,1359,054,1.0,0.8225099,chr5,3;3,142903669,142903675
29580,100497.10,1,1,1360,258,1.0,0.8355678,chr5,3;3,142903668,142903674
29580,100497.10,1,1,1360,110,1.0,0.8355678,chr5,3;3,142903668,142903674
29580,100497.10,1,1,1360,405,1.0,0.8355678,chr5,3;3,142903668,142903674
29580,100497.10,1,1,1360,015,0.786294229566558,0.8355678,chr5,3;3,142903668,142903674
29580,100497.10,1,1,1360,433,1.0,0.8355678,chr5,3;3,142903668,142903674
29580,100497.10,1,1,1360,418,0.773898781071913,0.8355678,chr5,3;3,142903668,142903674
29580,100497.10,1,1,1360,121,1.0,0.8355678,chr5,3;3,142903668,142903674
29580,100497.10,1,1,1360,068,1.0,0.8355678,chr5,3;3,142903668,142903674
29580,100497.10,1,1,1360,124,1.0,0.8355678,chr5,3;3,142903668,142903674
29580,100497.10,1,1,1360,054,1.0,0.8355678,chr5,3;3,142903668,142903674
29580,100497.10,1,1,1361,258,1.0,0.849298,chr5,3;3,142903667,142903673
29580,100497.10,1,1,1361,110,1.0,0.849298,chr5,3;3,142903667,142903673
29580,100497.10,1,1,1361,405,1.0,0.849298,chr5,3;3,142903667,142903673
29580,100497.10,1,1,1361,015,0.786294229566558,0.849298,chr5,3;3,142903667,142903673
29580,100497.10,1,1,1361,433,1.0,0.849298,chr5,3;3,142903667,142903673
29580,100497.10,1,1,1361,418,0.773898781071913,0.849298,chr5,3;3,142903667,142903673
29580,100497.10,1,1,1361,121,1.0,0.849298,chr5,3;3,142903667,142903673
29580,100497.10,1,1,1361,068,1.0,0.849298,chr5,3;3,142903667,142903673
29580,100497.10,1,1,1361,124,1.0,0.849298,chr5,3;3,142903667,142903673
29580,100497.10,1,1,1361,054,1.0,0.849298,chr5,3;3,142903667,142903673
29580,100497.10,1,1,1362,258,1.0,0.8651638,chr5,3;3,142903666,142903672
29580,100497.10,1,1,1362,110,1.0,0.8651638,chr5,3;3,142903666,142903672
29580,100497.10,1,1,1362,405,1.0,0.8651638,chr5,3;3,142903666,142903672
29580,100497.10,1,1,1362,015,0.786294229566558,0.8651638,chr5,3;3,142903666,142903672
29580,100497.10,1,1,1362,433,1.0,0.8651638,chr5,3;3,142903666,142903672
29580,100497.10,1,1,1362,418,0.773898781071913,0.8651638,chr5,3;3,142903666,142903672
29580,100497.10,1,1,1362,121,1.0,0.8651638,chr5,3;3,142903666,142903672
29580,100497.10,1,1,1362,068,1.0,0.8651638,chr5,3;3,142903666,142903672
29580,100497.10,1,1,1362,124,1.0,0.8651638,chr5,3;3,142903666,142903672
29580,100497.10,1,1,1362,054,1.0,0.8651638,chr5,3;3,142903666,142903672
29580,100497.10,1,1,1363,258,1.0,0.8768771000000001,chr5,3;3,142903665,142903671
29580,100497.10,1,1,1363,110,1.0,0.8768771000000001,chr5,3;3,142903665,142903671
29580,100497.10,1,1,1363,405,1.0,0.8768771000000001,chr5,3;3,142903665,142903671
29580,100497.10,1,1,1363,015,0.786294229566558,0.8768771000000001,chr5,3;3,142903665,142903671
29580,100497.10,1,1,1363,433,1.0,0.8768771000000001,chr5,3;3,142903665,142903671
29580,100497.10,1,1,1363,418,0.773898781071913,0.8768771000000001,chr5,3;3,142903665,142903671
29580,100497.10,1,1,1363,121,1.0,0.8768771000000001,chr5,3;3,142903665,142903671
29580,100497.10,1,1,1363,068,1.0,0.8768771000000001,chr5,3;3,142903665,142903671
29580,100497.10,1,1,1363,124,1.0,0.8768771000000001,chr5,3;3,142903665,142903671
29580,100497.10,1,1,1363,054,1.0,0.8768771000000001,chr5,3;3,142903665,142903671
29580,100497.10,1,1,1364,258,1.0,0.8953353000000001,chr5,3;3,142903664,142903670
29580,100497.10,1,1,1364,110,1.0,0.8953353000000001,chr5,3;3,142903664,142903670
29580,100497.10,1,1,1364,405,1.0,0.8953353000000001,chr5,3;3,142903664,142903670
29580,100497.10,1,1,1364,015,0.786294229566558,0.8953353000000001,chr5,3;3,142903664,142903670
29580,100497.10,1,1,1364,433,1.0,0.8953353000000001,chr5,3;3,142903664,142903670
29580,100497.10,1,1,1364,418,0.773898781071913,0.8953353000000001,chr5,3;3,142903664,142903670
29580,100497.10,1,1,1364,121,1.0,0.8953353000000001,chr5,3;3,142903664,142903670
29580,100497.10,1,1,1364,068,1.0,0.8953353000000001,chr5,3;3,142903664,142903670
29580,100497.10,1,1,1364,124,1.0,0.8953353000000001,chr5,3;3,142903664,142903670
29580,100497.10,1,1,1364,054,1.0,0.8953353000000001,chr5,3;3,142903664,142903670
29580,100497.10,1,1,1365,258,1.0,0.9178822,chr5,3;3,142903663,142903669
29580,100497.10,1,1,1365,110,1.0,0.9178822,chr5,3;3,142903663,142903669
29580,100497.10,1,1,1365,405,1.0,0.9178822,chr5,3;3,142903663,142903669
29580,100497.10,1,1,1365,015,0.786294229566558,0.9178822,chr5,3;3,142903663,142903669
29580,100497.10,1,1,1365,433,1.0,0.9178822,chr5,3;3,142903663,142903669
29580,100497.10,1,1,1365,418,0.773898781071913,0.9178822,chr5,3;3,142903663,142903669
29580,100497.10,1,1,1365,121,1.0,0.9178822,chr5,3;3,142903663,142903669
29580,100497.10,1,1,1365,068,1.0,0.9178822,chr5,3;3,142903663,142903669
29580,100497.10,1,1,1365,124,1.0,0.9178822,chr5,3;3,142903663,142903669
29580,100497.10,1,1,1365,054,1.0,0.9178822,chr5,3;3,142903663,142903669
29580,100497.10,1,1,1366,258,1.0,0.9435931000000001,chr5,3;3,142903662,142903668
29580,100497.10,1,1,1366,110,1.0,0.9435931000000001,chr5,3;3,142903662,142903668
29580,100497.10,1,1,1366,405,1.0,0.9435931000000001,chr5,3;3,142903662,142903668
29580,100497.10,1,1,1366,015,0.786294229566558,0.9435931000000001,chr5,3;3,142903662,142903668
29580,100497.10,1,1,1366,433,1.0,0.9435931000000001,chr5,3;3,142903662,142903668
29580,100497.10,1,1,1366,418,0.773898781071913,0.9435931000000001,chr5,3;3,142903662,142903668
29580,100497.10,1,1,1366,121,1.0,0.9435931000000001,chr5,3;3,142903662,142903668
29580,100497.10,1,1,1366,068,1.0,0.9435931000000001,chr5,3;3,142903662,142903668
29580,100497.10,1,1,1366,124,1.0,0.9435931000000001,chr5,3;3,142903662,142903668
29580,100497.10,1,1,1366,054,1.0,0.9435931000000001,chr5,3;3,142903662,142903668
29580,100497.10,1,1,1367,258,1.0,0.9619462,chr5,3;3,142903661,142903667
29580,100497.10,1,1,1367,110,1.0,0.9619462,chr5,3;3,142903661,142903667
29580,100497.10,1,1,1367,405,1.0,0.9619462,chr5,3;3,142903661,142903667
29580,100497.10,1,1,1367,015,0.786294229566558,0.9619462,chr5,3;3,142903661,142903667
29580,100497.10,1,1,1367,433,1.0,0.9619462,chr5,3;3,142903661,142903667
29580,100497.10,1,1,1367,418,0.773898781071913,0.9619462,chr5,3;3,142903661,142903667
29580,100497.10,1,1,1367,121,1.0,0.9619462,chr5,3;3,142903661,142903667
29580,100497.10,1,1,1367,068,1.0,0.9619462,chr5,3;3,142903661,142903667
29580,100497.10,1,1,1367,124,1.0,0.9619462,chr5,3;3,142903661,142903667
29580,100497.10,1,1,1367,054,1.0,0.9619462,chr5,3;3,142903661,142903667
29580,100497.10,1,1,1368,258,1.0,0.9636738000000001,chr5,3;3,142903660,142903666
29580,100497.10,1,1,1368,110,1.0,0.9636738000000001,chr5,3;3,142903660,142903666
29580,100497.10,1,1,1368,405,1.0,0.9636738000000001,chr5,3;3,142903660,142903666
29580,100497.10,1,1,1368,015,0.786294229566558,0.9636738000000001,chr5,3;3,142903660,142903666
29580,100497.10,1,1,1368,433,1.0,0.9636738000000001,chr5,3;3,142903660,142903666
29580,100497.10,1,1,1368,418,0.773898781071913,0.9636738000000001,chr5,3;3,142903660,142903666
29580,100497.10,1,1,1368,121,1.0,0.9636738000000001,chr5,3;3,142903660,142903666
29580,100497.10,1,1,1368,068,1.0,0.9636738000000001,chr5,3;3,142903660,142903666
29580,100497.10,1,1,1368,124,1.0,0.9636738000000001,chr5,3;3,142903660,142903666
29580,100497.10,1,1,1368,054,1.0,0.9636738000000001,chr5,3;3,142903660,142903666
29580,100497.10,1,1,1369,258,1.0,0.9599049000000001,chr5,3;3,142903659,142903665
29580,100497.10,1,1,1369,110,1.0,0.9599049000000001,chr5,3;3,142903659,142903665
29580,100497.10,1,1,1369,405,1.0,0.9599049000000001,chr5,3;3,142903659,142903665
29580,100497.10,1,1,1369,015,0.786294229566558,0.9599049000000001,chr5,3;3,142903659,142903665
29580,100497.10,1,1,1369,433,1.0,0.9599049000000001,chr5,3;3,142903659,142903665
29580,100497.10,1,1,1369,418,0.773898781071913,0.9599049000000001,chr5,3;3,142903659,142903665
29580,100497.10,1,1,1369,121,1.0,0.9599049000000001,chr5,3;3,142903659,142903665
29580,100497.10,1,1,1369,068,1.0,0.9599049000000001,chr5,3;3,142903659,142903665
29580,100497.10,1,1,1369,124,1.0,0.9599049000000001,chr5,3;3,142903659,142903665
29580,100497.10,1,1,1369,054,1.0,0.9599049000000001,chr5,3;3,142903659,142903665
29580,100497.10,1,1,1370,258,1.0,0.9529474,chr5,3;3,142903658,142903664
29580,100497.10,1,1,1370,110,1.0,0.9529474,chr5,3;3,142903658,142903664
29580,100497.10,1,1,1370,405,1.0,0.9529474,chr5,3;3,142903658,142903664
29580,100497.10,1,1,1370,015,0.786294229566558,0.9529474,chr5,3;3,142903658,142903664
29580,100497.10,1,1,1370,433,1.0,0.9529474,chr5,3;3,142903658,142903664
29580,100497.10,1,1,1370,418,0.773898781071913,0.9529474,chr5,3;3,142903658,142903664
29580,100497.10,1,1,1370,121,1.0,0.9529474,chr5,3;3,142903658,142903664
29580,100497.10,1,1,1370,068,1.0,0.9529474,chr5,3;3,142903658,142903664
29580,100497.10,1,1,1370,124,1.0,0.9529474,chr5,3;3,142903658,142903664
29580,100497.10,1,1,1370,054,1.0,0.9529474,chr5,3;3,142903658,142903664
29580,100497.10,1,1,1371,258,1.0,0.9462783000000001,chr5,3;3,142903657,142903663
29580,100497.10,1,1,1371,110,1.0,0.9462783000000001,chr5,3;3,142903657,142903663
29580,100497.10,1,1,1371,405,1.0,0.9462783000000001,chr5,3;3,142903657,142903663
29580,100497.10,1,1,1371,015,0.786294229566558,0.9462783000000001,chr5,3;3,142903657,142903663
29580,100497.10,1,1,1371,433,1.0,0.9462783000000001,chr5,3;3,142903657,142903663
29580,100497.10,1,1,1371,418,0.773898781071913,0.9462783000000001,chr5,3;3,142903657,142903663
29580,100497.10,1,1,1371,121,1.0,0.9462783000000001,chr5,3;3,142903657,142903663
29580,100497.10,1,1,1371,068,1.0,0.9462783000000001,chr5,3;3,142903657,142903663
29580,100497.10,1,1,1371,124,1.0,0.9462783000000001,chr5,3;3,142903657,142903663
29580,100497.10,1,1,1371,054,1.0,0.9462783000000001,chr5,3;3,142903657,142903663
29580,100497.10,1,1,1372,258,1.0,0.9382339,chr5,3;3,142903656,142903662
29580,100497.10,1,1,1372,110,1.0,0.9382339,chr5,3;3,142903656,142903662
29580,100497.10,1,1,1372,405,1.0,0.9382339,chr5,3;3,142903656,142903662
29580,100497.10,1,1,1372,015,0.786294229566558,0.9382339,chr5,3;3,142903656,142903662
29580,100497.10,1,1,1372,433,1.0,0.9382339,chr5,3;3,142903656,142903662
29580,100497.10,1,1,1372,418,0.773898781071913,0.9382339,chr5,3;3,142903656,142903662
29580,100497.10,1,1,1372,121,1.0,0.9382339,chr5,3;3,142903656,142903662
29580,100497.10,1,1,1372,068,1.0,0.9382339,chr5,3;3,142903656,142903662
29580,100497.10,1,1,1372,124,1.0,0.9382339,chr5,3;3,142903656,142903662
29580,100497.10,1,1,1372,054,1.0,0.9382339,chr5,3;3,142903656,142903662
29580,100497.10,1,1,1373,258,1.0,0.9268697,chr5,3;3,142903655,142903661
29580,100497.10,1,1,1373,110,1.0,0.9268697,chr5,3;3,142903655,142903661
29580,100497.10,1,1,1373,405,1.0,0.9268697,chr5,3;3,142903655,142903661
29580,100497.10,1,1,1373,015,0.786294229566558,0.9268697,chr5,3;3,142903655,142903661
29580,100497.10,1,1,1373,433,1.0,0.9268697,chr5,3;3,142903655,142903661
29580,100497.10,1,1,1373,418,0.773898781071913,0.9268697,chr5,3;3,142903655,142903661
29580,100497.10,1,1,1373,121,1.0,0.9268697,chr5,3;3,142903655,142903661
29580,100497.10,1,1,1373,068,1.0,0.9268697,chr5,3;3,142903655,142903661
29580,100497.10,1,1,1373,124,1.0,0.9268697,chr5,3;3,142903655,142903661
29580,100497.10,1,1,1373,054,1.0,0.9268697,chr5,3;3,142903655,142903661
29580,100497.10,1,1,1374,258,1.0,0.8965766,chr5,3;3,142903654,142903660
29580,100497.10,1,1,1374,110,1.0,0.8965766,chr5,3;3,142903654,142903660
29580,100497.10,1,1,1374,405,1.0,0.8965766,chr5,3;3,142903654,142903660
29580,100497.10,1,1,1374,015,0.786294229566558,0.8965766,chr5,3;3,142903654,142903660
29580,100497.10,1,1,1374,433,1.0,0.8965766,chr5,3;3,142903654,142903660
29580,100497.10,1,1,1374,418,0.773898781071913,0.8965766,chr5,3;3,142903654,142903660
29580,100497.10,1,1,1374,121,1.0,0.8965766,chr5,3;3,142903654,142903660
29580,100497.10,1,1,1374,068,1.0,0.8965766,chr5,3;3,142903654,142903660
29580,100497.10,1,1,1374,124,1.0,0.8965766,chr5,3;3,142903654,142903660
29580,100497.10,1,1,1374,054,1.0,0.8965766,chr5,3;3,142903654,142903660
29580,100497.10,1,1,1375,258,1.0,0.8092782,chr5,3;3,142903653,142903659
29580,100497.10,1,1,1375,110,1.0,0.8092782,chr5,3;3,142903653,142903659
29580,100497.10,1,1,1375,405,1.0,0.8092782,chr5,3;3,142903653,142903659
29580,100497.10,1,1,1375,015,0.786294229566558,0.8092782,chr5,3;3,142903653,142903659
29580,100497.10,1,1,1375,433,1.0,0.8092782,chr5,3;3,142903653,142903659
29580,100497.10,1,1,1375,418,0.773898781071913,0.8092782,chr5,3;3,142903653,142903659
29580,100497.10,1,1,1375,121,1.0,0.8092782,chr5,3;3,142903653,142903659
29580,100497.10,1,1,1375,068,1.0,0.8092782,chr5,3;3,142903653,142903659
29580,100497.10,1,1,1375,124,1.0,0.8092782,chr5,3;3,142903653,142903659
29580,100497.10,1,1,1375,054,1.0,0.8092782,chr5,3;3,142903653,142903659
29580,100497.10,1,1,1376,258,1.0,0.7364156,chr5,3;3,142903652,142903658
29580,100497.10,1,1,1376,110,1.0,0.7364156,chr5,3;3,142903652,142903658
29580,100497.10,1,1,1376,405,1.0,0.7364156,chr5,3;3,142903652,142903658
29580,100497.10,1,1,1376,015,0.786294229566558,0.7364156,chr5,3;3,142903652,142903658
29580,100497.10,1,1,1376,433,1.0,0.7364156,chr5,3;3,142903652,142903658
29580,100497.10,1,1,1376,418,0.773898781071913,0.7364156,chr5,3;3,142903652,142903658
29580,100497.10,1,1,1376,121,1.0,0.7364156,chr5,3;3,142903652,142903658
29580,100497.10,1,1,1376,068,1.0,0.7364156,chr5,3;3,142903652,142903658
29580,100497.10,1,1,1376,124,1.0,0.7364156,chr5,3;3,142903652,142903658
29580,100497.10,1,1,1376,054,1.0,0.7364156,chr5,3;3,142903652,142903658
29580,100497.10,1,1,1377,258,1.0,0.7055695,chr5,3;3,142903651,142903657
29580,100497.10,1,1,1377,110,1.0,0.7055695,chr5,3;3,142903651,142903657
29580,100497.10,1,1,1377,405,1.0,0.7055695,chr5,3;3,142903651,142903657
29580,100497.10,1,1,1377,015,0.786294229566558,0.7055695,chr5,3;3,142903651,142903657
29580,100497.10,1,1,1377,433,1.0,0.7055695,chr5,3;3,142903651,142903657
29580,100497.10,1,1,1377,418,0.773898781071913,0.7055695,chr5,3;3,142903651,142903657
29580,100497.10,1,1,1377,121,1.0,0.7055695,chr5,3;3,142903651,142903657
29580,100497.10,1,1,1377,068,1.0,0.7055695,chr5,3;3,142903651,142903657
29580,100497.10,1,1,1377,124,1.0,0.7055695,chr5,3;3,142903651,142903657
29580,100497.10,1,1,1377,054,1.0,0.7055695,chr5,3;3,142903651,142903657
29580,100497.10,1,1,1378,258,1.0,0.6788823,chr5,3;3,142903650,142903656
29580,100497.10,1,1,1378,110,1.0,0.6788823,chr5,3;3,142903650,142903656
29580,100497.10,1,1,1378,405,1.0,0.6788823,chr5,3;3,142903650,142903656
29580,100497.10,1,1,1378,015,0.786294229566558,0.6788823,chr5,3;3,142903650,142903656
29580,100497.10,1,1,1378,433,1.0,0.6788823,chr5,3;3,142903650,142903656
29580,100497.10,1,1,1378,418,0.773898781071913,0.6788823,chr5,3;3,142903650,142903656
29580,100497.10,1,1,1378,121,1.0,0.6788823,chr5,3;3,142903650,142903656
29580,100497.10,1,1,1378,068,1.0,0.6788823,chr5,3;3,142903650,142903656
29580,100497.10,1,1,1378,124,1.0,0.6788823,chr5,3;3,142903650,142903656
29580,100497.10,1,1,1378,054,1.0,0.6788823,chr5,3;3,142903650,142903656
29580,100497.10,1,1,1379,039,1.0,0.6325238000000001,chr5,3;3,142903649,142903655
29580,100497.10,1,1,1520,258,1.0,0.6410146,chr5,3;3,142903508,142903514
29580,100497.10,1,1,1520,110,1.0,0.6410146,chr5,3;3,142903508,142903514
29580,100497.10,1,1,1520,405,1.0,0.6410146,chr5,3;3,142903508,142903514
29580,100497.10,1,1,1520,015,0.786294229566558,0.6410146,chr5,3;3,142903508,142903514
29580,100497.10,1,1,1520,433,1.0,0.6410146,chr5,3;3,142903508,142903514
29580,100497.10,1,1,1520,418,0.773898781071913,0.6410146,chr5,3;3,142903508,142903514
29580,100497.10,1,1,1520,121,1.0,0.6410146,chr5,3;3,142903508,142903514
29580,100497.10,1,1,1520,068,1.0,0.6410146,chr5,3;3,142903508,142903514
29580,100497.10,1,1,1520,124,1.0,0.6410146,chr5,3;3,142903508,142903514
29580,100497.10,1,1,1520,054,1.0,0.6410146,chr5,3;3,142903508,142903514
29580,100497.10,1,1,1521,258,1.0,0.6690761,chr5,3;3,142903507,142903513
29580,100497.10,1,1,1521,110,1.0,0.6690761,chr5,3;3,142903507,142903513
29580,100497.10,1,1,1521,405,1.0,0.6690761,chr5,3;3,142903507,142903513
29580,100497.10,1,1,1521,015,0.786294229566558,0.6690761,chr5,3;3,142903507,142903513
29580,100497.10,1,1,1521,433,1.0,0.6690761,chr5,3;3,142903507,142903513
29580,100497.10,1,1,1521,418,0.773898781071913,0.6690761,chr5,3;3,142903507,142903513
29580,100497.10,1,1,1521,121,1.0,0.6690761,chr5,3;3,142903507,142903513
29580,100497.10,1,1,1521,068,1.0,0.6690761,chr5,3;3,142903507,142903513
29580,100497.10,1,1,1521,124,1.0,0.6690761,chr5,3;3,142903507,142903513
29580,100497.10,1,1,1521,054,1.0,0.6690761,chr5,3;3,142903507,142903513
29580,100497.10,1,1,1522,258,1.0,0.7256574,chr5,3;3,142903506,142903512
29580,100497.10,1,1,1522,110,1.0,0.7256574,chr5,3;3,142903506,142903512
29580,100497.10,1,1,1522,405,1.0,0.7256574,chr5,3;3,142903506,142903512
29580,100497.10,1,1,1522,015,0.786294229566558,0.7256574,chr5,3;3,142903506,142903512
29580,100497.10,1,1,1522,433,1.0,0.7256574,chr5,3;3,142903506,142903512
29580,100497.10,1,1,1522,418,0.773898781071913,0.7256574,chr5,3;3,142903506,142903512
29580,100497.10,1,1,1522,121,1.0,0.7256574,chr5,3;3,142903506,142903512
29580,100497.10,1,1,1522,068,1.0,0.7256574,chr5,3;3,142903506,142903512
29580,100497.10,1,1,1522,124,1.0,0.7256574,chr5,3;3,142903506,142903512
29580,100497.10,1,1,1522,054,1.0,0.7256574,chr5,3;3,142903506,142903512
29580,100497.10,1,1,1523,258,1.0,0.8161915,chr5,3;3,142903505,142903511
29580,100497.10,1,1,1523,110,1.0,0.8161915,chr5,3;3,142903505,142903511
29580,100497.10,1,1,1523,405,1.0,0.8161915,chr5,3;3,142903505,142903511
29580,100497.10,1,1,1523,015,0.786294229566558,0.8161915,chr5,3;3,142903505,142903511
29580,100497.10,1,1,1523,433,1.0,0.8161915,chr5,3;3,142903505,142903511
29580,100497.10,1,1,1523,418,0.773898781071913,0.8161915,chr5,3;3,142903505,142903511
29580,100497.10,1,1,1523,121,1.0,0.8161915,chr5,3;3,142903505,142903511
29580,100497.10,1,1,1523,068,1.0,0.8161915,chr5,3;3,142903505,142903511
29580,100497.10,1,1,1523,124,1.0,0.8161915,chr5,3;3,142903505,142903511
29580,100497.10,1,1,1523,054,1.0,0.8161915,chr5,3;3,142903505,142903511
29580,100497.10,1,1,1524,258,1.0,0.8408540000000001,chr5,3;3,142903504,142903510
29580,100497.10,1,1,1524,110,1.0,0.8408540000000001,chr5,3;3,142903504,142903510
29580,100497.10,1,1,1524,405,1.0,0.8408540000000001,chr5,3;3,142903504,142903510
29580,100497.10,1,1,1524,015,0.786294229566558,0.8408540000000001,chr5,3;3,142903504,142903510
29580,100497.10,1,1,1524,433,1.0,0.8408540000000001,chr5,3;3,142903504,142903510
29580,100497.10,1,1,1524,418,0.773898781071913,0.8408540000000001,chr5,3;3,142903504,142903510
29580,100497.10,1,1,1524,121,1.0,0.8408540000000001,chr5,3;3,142903504,142903510
29580,100497.10,1,1,1524,068,1.0,0.8408540000000001,chr5,3;3,142903504,142903510
29580,100497.10,1,1,1524,124,1.0,0.8408540000000001,chr5,3;3,142903504,142903510
29580,100497.10,1,1,1524,054,1.0,0.8408540000000001,chr5,3;3,142903504,142903510
29580,100497.10,1,1,1525,258,1.0,0.6578081,chr5,3;3,142903503,142903509
29580,100497.10,1,1,1525,110,1.0,0.6578081,chr5,3;3,142903503,142903509
29580,100497.10,1,1,1525,405,1.0,0.6578081,chr5,3;3,142903503,142903509
29580,100497.10,1,1,1525,015,0.786294229566558,0.6578081,chr5,3;3,142903503,142903509
29580,100497.10,1,1,1525,433,1.0,0.6578081,chr5,3;3,142903503,142903509
29580,100497.10,1,1,1525,418,0.773898781071913,0.6578081,chr5,3;3,142903503,142903509
29580,100497.10,1,1,1525,121,1.0,0.6578081,chr5,3;3,142903503,142903509
29580,100497.10,1,1,1525,068,1.0,0.6578081,chr5,3;3,142903503,142903509
29580,100497.10,1,1,1525,124,1.0,0.6578081,chr5,3;3,142903503,142903509
29580,100497.10,1,1,1525,054,1.0,0.6578081,chr5,3;3,142903503,142903509
29580,100497.10,1,1,1544,039,1.0,0.6166718000000001,chr5,3;3,142903484,142903490
29580,100497.10,1,1,1750,296,1.0,0.6052173000000001,chr5,3;3,142903278,142903284
29580,100497.10,1,1,1911,146,1.0,0.8693572,chr5,3;3,142903117,142903123
29580,100497.10,1,1,1913,163,1.0,0.9878058000000001,chr5,3;3,142903115,142903121
29580,100497.10,1,1,1913,164,1.0,0.9878058000000001,chr5,3;3,142903115,142903121
29580,100497.10,1,1,1913,160,1.0,0.9878058000000001,chr5,3;3,142903115,142903121
29580,167721.7,1,1,988,008,1.0,0.7539064999999999,chr5,3;3,142903748,142903754
29580,167721.7,1,1,1007,187,1.0,0.5713428,chr5,3;3,142903729,142903735
29580,167721.7,1,1,1007,225,1.0,0.5713428,chr5,3;3,142903729,142903735
29580,167721.7,1,1,1008,187,1.0,0.5636329000000001,chr5,3;3,142903728,142903734
29580,167721.7,1,1,1008,225,1.0,0.5636329000000001,chr5,3;3,142903728,142903734
29580,167721.7,1,1,1009,187,1.0,0.5525169,chr5,3;3,142903727,142903733
29580,167721.7,1,1,1009,225,1.0,0.5525169,chr5,3;3,142903727,142903733
29580,167721.7,1,1,1064,258,1.0,0.5323743000000001,chr5,3;3,142903672,142903678
29580,167721.7,1,1,1064,110,1.0,0.5323743000000001,chr5,3;3,142903672,142903678
29580,167721.7,1,1,1064,405,1.0,0.5323743000000001,chr5,3;3,142903672,142903678
29580,167721.7,1,1,1064,015,0.786294229566558,0.5323743000000001,chr5,3;3,142903672,142903678
29580,167721.7,1,1,1064,433,1.0,0.5323743000000001,chr5,3;3,142903672,142903678
29580,167721.7,1,1,1064,418,0.773898781071913,0.5323743000000001,chr5,3;3,142903672,142903678
29580,167721.7,1,1,1064,121,1.0,0.5323743000000001,chr5,3;3,142903672,142903678
29580,167721.7,1,1,1064,068,1.0,0.5323743000000001,chr5,3;3,142903672,142903678
29580,167721.7,1,1,1064,124,1.0,0.5323743000000001,chr5,3;3,142903672,142903678
29580,167721.7,1,1,1064,054,1.0,0.5323743000000001,chr5,3;3,142903672,142903678
29580,167721.7,1,1,1065,258,1.0,0.5789305,chr5,3;3,142903671,142903677
29580,167721.7,1,1,1065,110,1.0,0.5789305,chr5,3;3,142903671,142903677
29580,167721.7,1,1,1065,405,1.0,0.5789305,chr5,3;3,142903671,142903677
29580,167721.7,1,1,1065,015,0.786294229566558,0.5789305,chr5,3;3,142903671,142903677
29580,167721.7,1,1,1065,433,1.0,0.5789305,chr5,3;3,142903671,142903677
29580,167721.7,1,1,1065,418,0.773898781071913,0.5789305,chr5,3;3,142903671,142903677
29580,167721.7,1,1,1065,121,1.0,0.5789305,chr5,3;3,142903671,142903677
29580,167721.7,1,1,1065,068,1.0,0.5789305,chr5,3;3,142903671,142903677
29580,167721.7,1,1,1065,124,1.0,0.5789305,chr5,3;3,142903671,142903677
29580,167721.7,1,1,1065,054,1.0,0.5789305,chr5,3;3,142903671,142903677
29580,167721.7,1,1,1066,258,1.0,0.6673534000000001,chr5,3;3,142903670,142903676
29580,167721.7,1,1,1066,110,1.0,0.6673534000000001,chr5,3;3,142903670,142903676
29580,167721.7,1,1,1066,405,1.0,0.6673534000000001,chr5,3;3,142903670,142903676
29580,167721.7,1,1,1066,015,0.786294229566558,0.6673534000000001,chr5,3;3,142903670,142903676
29580,167721.7,1,1,1066,433,1.0,0.6673534000000001,chr5,3;3,142903670,142903676
29580,167721.7,1,1,1066,418,0.773898781071913,0.6673534000000001,chr5,3;3,142903670,142903676
29580,167721.7,1,1,1066,121,1.0,0.6673534000000001,chr5,3;3,142903670,142903676
29580,167721.7,1,1,1066,068,1.0,0.6673534000000001,chr5,3;3,142903670,142903676
29580,167721.7,1,1,1066,124,1.0,0.6673534000000001,chr5,3;3,142903670,142903676
29580,167721.7,1,1,1066,054,1.0,0.6673534000000001,chr5,3;3,142903670,142903676
29580,167721.7,1,1,1067,258,1.0,0.8225099,chr5,3;3,142903669,142903675
29580,167721.7,1,1,1067,110,1.0,0.8225099,chr5,3;3,142903669,142903675
29580,167721.7,1,1,1067,405,1.0,0.8225099,chr5,3;3,142903669,142903675
29580,167721.7,1,1,1067,015,0.786294229566558,0.8225099,chr5,3;3,142903669,142903675
29580,167721.7,1,1,1067,433,1.0,0.8225099,chr5,3;3,142903669,142903675
29580,167721.7,1,1,1067,418,0.773898781071913,0.8225099,chr5,3;3,142903669,142903675
29580,167721.7,1,1,1067,121,1.0,0.8225099,chr5,3;3,142903669,142903675
29580,167721.7,1,1,1067,068,1.0,0.8225099,chr5,3;3,142903669,142903675
29580,167721.7,1,1,1067,124,1.0,0.8225099,chr5,3;3,142903669,142903675
29580,167721.7,1,1,1067,054,1.0,0.8225099,chr5,3;3,142903669,142903675
29580,167721.7,1,1,1068,258,1.0,0.8355678,chr5,3;3,142903668,142903674
29580,167721.7,1,1,1068,110,1.0,0.8355678,chr5,3;3,142903668,142903674
29580,167721.7,1,1,1068,405,1.0,0.8355678,chr5,3;3,142903668,142903674
29580,167721.7,1,1,1068,015,0.786294229566558,0.8355678,chr5,3;3,142903668,142903674
29580,167721.7,1,1,1068,433,1.0,0.8355678,chr5,3;3,142903668,142903674
29580,167721.7,1,1,1068,418,0.773898781071913,0.8355678,chr5,3;3,142903668,142903674
29580,167721.7,1,1,1068,121,1.0,0.8355678,chr5,3;3,142903668,142903674
29580,167721.7,1,1,1068,068,1.0,0.8355678,chr5,3;3,142903668,142903674
29580,167721.7,1,1,1068,124,1.0,0.8355678,chr5,3;3,142903668,142903674
29580,167721.7,1,1,1068,054,1.0,0.8355678,chr5,3;3,142903668,142903674
29580,167721.7,1,1,1069,258,1.0,0.849298,chr5,3;3,142903667,142903673
29580,167721.7,1,1,1069,110,1.0,0.849298,chr5,3;3,142903667,142903673
29580,167721.7,1,1,1069,405,1.0,0.849298,chr5,3;3,142903667,142903673
29580,167721.7,1,1,1069,015,0.786294229566558,0.849298,chr5,3;3,142903667,142903673
29580,167721.7,1,1,1069,433,1.0,0.849298,chr5,3;3,142903667,142903673
29580,167721.7,1,1,1069,418,0.773898781071913,0.849298,chr5,3;3,142903667,142903673
29580,167721.7,1,1,1069,121,1.0,0.849298,chr5,3;3,142903667,142903673
29580,167721.7,1,1,1069,068,1.0,0.849298,chr5,3;3,142903667,142903673
29580,167721.7,1,1,1069,124,1.0,0.849298,chr5,3;3,142903667,142903673
29580,167721.7,1,1,1069,054,1.0,0.849298,chr5,3;3,142903667,142903673
29580,167721.7,1,1,1070,258,1.0,0.8651638,chr5,3;3,142903666,142903672
29580,167721.7,1,1,1070,110,1.0,0.8651638,chr5,3;3,142903666,142903672
29580,167721.7,1,1,1070,405,1.0,0.8651638,chr5,3;3,142903666,142903672
29580,167721.7,1,1,1070,015,0.786294229566558,0.8651638,chr5,3;3,142903666,142903672
29580,167721.7,1,1,1070,433,1.0,0.8651638,chr5,3;3,142903666,142903672
29580,167721.7,1,1,1070,418,0.773898781071913,0.8651638,chr5,3;3,142903666,142903672
29580,167721.7,1,1,1070,121,1.0,0.8651638,chr5,3;3,142903666,142903672
29580,167721.7,1,1,1070,068,1.0,0.8651638,chr5,3;3,142903666,142903672
29580,167721.7,1,1,1070,124,1.0,0.8651638,chr5,3;3,142903666,142903672
29580,167721.7,1,1,1070,054,1.0,0.8651638,chr5,3;3,142903666,142903672
29580,167721.7,1,1,1071,258,1.0,0.8768771000000001,chr5,3;3,142903665,142903671
29580,167721.7,1,1,1071,110,1.0,0.8768771000000001,chr5,3;3,142903665,142903671
29580,167721.7,1,1,1071,405,1.0,0.8768771000000001,chr5,3;3,142903665,142903671
29580,167721.7,1,1,1071,015,0.786294229566558,0.8768771000000001,chr5,3;3,142903665,142903671
29580,167721.7,1,1,1071,433,1.0,0.8768771000000001,chr5,3;3,142903665,142903671
29580,167721.7,1,1,1071,418,0.773898781071913,0.8768771000000001,chr5,3;3,142903665,142903671
29580,167721.7,1,1,1071,121,1.0,0.8768771000000001,chr5,3;3,142903665,142903671
29580,167721.7,1,1,1071,068,1.0,0.8768771000000001,chr5,3;3,142903665,142903671
29580,167721.7,1,1,1071,124,1.0,0.8768771000000001,chr5,3;3,142903665,142903671
29580,167721.7,1,1,1071,054,1.0,0.8768771000000001,chr5,3;3,142903665,142903671
29580,167721.7,1,1,1072,258,1.0,0.8953353000000001,chr5,3;3,142903664,142903670
29580,167721.7,1,1,1072,110,1.0,0.8953353000000001,chr5,3;3,142903664,142903670
29580,167721.7,1,1,1072,405,1.0,0.8953353000000001,chr5,3;3,142903664,142903670
29580,167721.7,1,1,1072,015,0.786294229566558,0.8953353000000001,chr5,3;3,142903664,142903670
29580,167721.7,1,1,1072,433,1.0,0.8953353000000001,chr5,3;3,142903664,142903670
29580,167721.7,1,1,1072,418,0.773898781071913,0.8953353000000001,chr5,3;3,142903664,142903670
29580,167721.7,1,1,1072,121,1.0,0.8953353000000001,chr5,3;3,142903664,142903670
29580,167721.7,1,1,1072,068,1.0,0.8953353000000001,chr5,3;3,142903664,142903670
29580,167721.7,1,1,1072,124,1.0,0.8953353000000001,chr5,3;3,142903664,142903670
29580,167721.7,1,1,1072,054,1.0,0.8953353000000001,chr5,3;3,142903664,142903670
29580,167721.7,1,1,1073,258,1.0,0.9178822,chr5,3;3,142903663,142903669
29580,167721.7,1,1,1073,110,1.0,0.9178822,chr5,3;3,142903663,142903669
29580,167721.7,1,1,1073,405,1.0,0.9178822,chr5,3;3,142903663,142903669
29580,167721.7,1,1,1073,015,0.786294229566558,0.9178822,chr5,3;3,142903663,142903669
29580,167721.7,1,1,1073,433,1.0,0.9178822,chr5,3;3,142903663,142903669
29580,167721.7,1,1,1073,418,0.773898781071913,0.9178822,chr5,3;3,142903663,142903669
29580,167721.7,1,1,1073,121,1.0,0.9178822,chr5,3;3,142903663,142903669
29580,167721.7,1,1,1073,068,1.0,0.9178822,chr5,3;3,142903663,142903669
29580,167721.7,1,1,1073,124,1.0,0.9178822,chr5,3;3,142903663,142903669
29580,167721.7,1,1,1073,054,1.0,0.9178822,chr5,3;3,142903663,142903669
29580,167721.7,1,1,1074,258,1.0,0.9435931000000001,chr5,3;3,142903662,142903668
29580,167721.7,1,1,1074,110,1.0,0.9435931000000001,chr5,3;3,142903662,142903668
29580,167721.7,1,1,1074,405,1.0,0.9435931000000001,chr5,3;3,142903662,142903668
29580,167721.7,1,1,1074,015,0.786294229566558,0.9435931000000001,chr5,3;3,142903662,142903668
29580,167721.7,1,1,1074,433,1.0,0.9435931000000001,chr5,3;3,142903662,142903668
29580,167721.7,1,1,1074,418,0.773898781071913,0.9435931000000001,chr5,3;3,142903662,142903668
29580,167721.7,1,1,1074,121,1.0,0.9435931000000001,chr5,3;3,142903662,142903668
29580,167721.7,1,1,1074,068,1.0,0.9435931000000001,chr5,3;3,142903662,142903668
29580,167721.7,1,1,1074,124,1.0,0.9435931000000001,chr5,3;3,142903662,142903668
29580,167721.7,1,1,1074,054,1.0,0.9435931000000001,chr5,3;3,142903662,142903668
29580,167721.7,1,1,1075,258,1.0,0.9619462,chr5,3;3,142903661,142903667
29580,167721.7,1,1,1075,110,1.0,0.9619462,chr5,3;3,142903661,142903667
29580,167721.7,1,1,1075,405,1.0,0.9619462,chr5,3;3,142903661,142903667
29580,167721.7,1,1,1075,015,0.786294229566558,0.9619462,chr5,3;3,142903661,142903667
29580,167721.7,1,1,1075,433,1.0,0.9619462,chr5,3;3,142903661,142903667
29580,167721.7,1,1,1075,418,0.773898781071913,0.9619462,chr5,3;3,142903661,142903667
29580,167721.7,1,1,1075,121,1.0,0.9619462,chr5,3;3,142903661,142903667
29580,167721.7,1,1,1075,068,1.0,0.9619462,chr5,3;3,142903661,142903667
29580,167721.7,1,1,1075,124,1.0,0.9619462,chr5,3;3,142903661,142903667
29580,167721.7,1,1,1075,054,1.0,0.9619462,chr5,3;3,142903661,142903667
29580,167721.7,1,1,1076,258,1.0,0.9636738000000001,chr5,3;3,142903660,142903666
29580,167721.7,1,1,1076,110,1.0,0.9636738000000001,chr5,3;3,142903660,142903666
29580,167721.7,1,1,1076,405,1.0,0.9636738000000001,chr5,3;3,142903660,142903666
29580,167721.7,1,1,1076,015,0.786294229566558,0.9636738000000001,chr5,3;3,142903660,142903666
29580,167721.7,1,1,1076,433,1.0,0.9636738000000001,chr5,3;3,142903660,142903666
29580,167721.7,1,1,1076,418,0.773898781071913,0.9636738000000001,chr5,3;3,142903660,142903666
29580,167721.7,1,1,1076,121,1.0,0.9636738000000001,chr5,3;3,142903660,142903666
29580,167721.7,1,1,1076,068,1.0,0.9636738000000001,chr5,3;3,142903660,142903666
29580,167721.7,1,1,1076,124,1.0,0.9636738000000001,chr5,3;3,142903660,142903666
29580,167721.7,1,1,1076,054,1.0,0.9636738000000001,chr5,3;3,142903660,142903666
29580,167721.7,1,1,1077,258,1.0,0.9599049000000001,chr5,3;3,142903659,142903665
29580,167721.7,1,1,1077,110,1.0,0.9599049000000001,chr5,3;3,142903659,142903665
29580,167721.7,1,1,1077,405,1.0,0.9599049000000001,chr5,3;3,142903659,142903665
29580,167721.7,1,1,1077,015,0.786294229566558,0.9599049000000001,chr5,3;3,142903659,142903665
29580,167721.7,1,1,1077,433,1.0,0.9599049000000001,chr5,3;3,142903659,142903665
29580,167721.7,1,1,1077,418,0.773898781071913,0.9599049000000001,chr5,3;3,142903659,142903665
29580,167721.7,1,1,1077,121,1.0,0.9599049000000001,chr5,3;3,142903659,142903665
29580,167721.7,1,1,1077,068,1.0,0.9599049000000001,chr5,3;3,142903659,142903665
29580,167721.7,1,1,1077,124,1.0,0.9599049000000001,chr5,3;3,142903659,142903665
29580,167721.7,1,1,1077,054,1.0,0.9599049000000001,chr5,3;3,142903659,142903665
29580,167721.7,1,1,1078,258,1.0,0.9529474,chr5,3;3,142903658,142903664
29580,167721.7,1,1,1078,110,1.0,0.9529474,chr5,3;3,142903658,142903664
29580,167721.7,1,1,1078,405,1.0,0.9529474,chr5,3;3,142903658,142903664
29580,167721.7,1,1,1078,015,0.786294229566558,0.9529474,chr5,3;3,142903658,142903664
29580,167721.7,1,1,1078,433,1.0,0.9529474,chr5,3;3,142903658,142903664
29580,167721.7,1,1,1078,418,0.773898781071913,0.9529474,chr5,3;3,142903658,142903664
29580,167721.7,1,1,1078,121,1.0,0.9529474,chr5,3;3,142903658,142903664
29580,167721.7,1,1,1078,068,1.0,0.9529474,chr5,3;3,142903658,142903664
29580,167721.7,1,1,1078,124,1.0,0.9529474,chr5,3;3,142903658,142903664
29580,167721.7,1,1,1078,054,1.0,0.9529474,chr5,3;3,142903658,142903664
29580,167721.7,1,1,1079,258,1.0,0.9462783000000001,chr5,3;3,142903657,142903663
29580,167721.7,1,1,1079,110,1.0,0.9462783000000001,chr5,3;3,142903657,142903663
29580,167721.7,1,1,1079,405,1.0,0.9462783000000001,chr5,3;3,142903657,142903663
29580,167721.7,1,1,1079,015,0.786294229566558,0.9462783000000001,chr5,3;3,142903657,142903663
29580,167721.7,1,1,1079,433,1.0,0.9462783000000001,chr5,3;3,142903657,142903663
29580,167721.7,1,1,1079,418,0.773898781071913,0.9462783000000001,chr5,3;3,142903657,142903663
29580,167721.7,1,1,1079,121,1.0,0.9462783000000001,chr5,3;3,142903657,142903663
29580,167721.7,1,1,1079,068,1.0,0.9462783000000001,chr5,3;3,142903657,142903663
29580,167721.7,1,1,1079,124,1.0,0.9462783000000001,chr5,3;3,142903657,142903663
29580,167721.7,1,1,1079,054,1.0,0.9462783000000001,chr5,3;3,142903657,142903663
29580,167721.7,1,1,1080,258,1.0,0.9382339,chr5,3;3,142903656,142903662
29580,167721.7,1,1,1080,110,1.0,0.9382339,chr5,3;3,142903656,142903662
29580,167721.7,1,1,1080,405,1.0,0.9382339,chr5,3;3,142903656,142903662
29580,167721.7,1,1,1080,015,0.786294229566558,0.9382339,chr5,3;3,142903656,142903662
29580,167721.7,1,1,1080,433,1.0,0.9382339,chr5,3;3,142903656,142903662
29580,167721.7,1,1,1080,418,0.773898781071913,0.9382339,chr5,3;3,142903656,142903662
29580,167721.7,1,1,1080,121,1.0,0.9382339,chr5,3;3,142903656,142903662
29580,167721.7,1,1,1080,068,1.0,0.9382339,chr5,3;3,142903656,142903662
29580,167721.7,1,1,1080,124,1.0,0.9382339,chr5,3;3,142903656,142903662
29580,167721.7,1,1,1080,054,1.0,0.9382339,chr5,3;3,142903656,142903662
29580,167721.7,1,1,1081,258,1.0,0.9268697,chr5,3;3,142903655,142903661
29580,167721.7,1,1,1081,110,1.0,0.9268697,chr5,3;3,142903655,142903661
29580,167721.7,1,1,1081,405,1.0,0.9268697,chr5,3;3,142903655,142903661
29580,167721.7,1,1,1081,015,0.786294229566558,0.9268697,chr5,3;3,142903655,142903661
29580,167721.7,1,1,1081,433,1.0,0.9268697,chr5,3;3,142903655,142903661
29580,167721.7,1,1,1081,418,0.773898781071913,0.9268697,chr5,3;3,142903655,142903661
29580,167721.7,1,1,1081,121,1.0,0.9268697,chr5,3;3,142903655,142903661
29580,167721.7,1,1,1081,068,1.0,0.9268697,chr5,3;3,142903655,142903661
29580,167721.7,1,1,1081,124,1.0,0.9268697,chr5,3;3,142903655,142903661
29580,167721.7,1,1,1081,054,1.0,0.9268697,chr5,3;3,142903655,142903661
29580,167721.7,1,1,1082,258,1.0,0.8965766,chr5,3;3,142903654,142903660
29580,167721.7,1,1,1082,110,1.0,0.8965766,chr5,3;3,142903654,142903660
29580,167721.7,1,1,1082,405,1.0,0.8965766,chr5,3;3,142903654,142903660
29580,167721.7,1,1,1082,015,0.786294229566558,0.8965766,chr5,3;3,142903654,142903660
29580,167721.7,1,1,1082,433,1.0,0.8965766,chr5,3;3,142903654,142903660
29580,167721.7,1,1,1082,418,0.773898781071913,0.8965766,chr5,3;3,142903654,142903660
29580,167721.7,1,1,1082,121,1.0,0.8965766,chr5,3;3,142903654,142903660
29580,167721.7,1,1,1082,068,1.0,0.8965766,chr5,3;3,142903654,142903660
29580,167721.7,1,1,1082,124,1.0,0.8965766,chr5,3;3,142903654,142903660
29580,167721.7,1,1,1082,054,1.0,0.8965766,chr5,3;3,142903654,142903660
29580,167721.7,1,1,1083,258,1.0,0.8092782,chr5,3;3,142903653,142903659
29580,167721.7,1,1,1083,110,1.0,0.8092782,chr5,3;3,142903653,142903659
29580,167721.7,1,1,1083,405,1.0,0.8092782,chr5,3;3,142903653,142903659
29580,167721.7,1,1,1083,015,0.786294229566558,0.8092782,chr5,3;3,142903653,142903659
29580,167721.7,1,1,1083,433,1.0,0.8092782,chr5,3;3,142903653,142903659
29580,167721.7,1,1,1083,418,0.773898781071913,0.8092782,chr5,3;3,142903653,142903659
29580,167721.7,1,1,1083,121,1.0,0.8092782,chr5,3;3,142903653,142903659
29580,167721.7,1,1,1083,068,1.0,0.8092782,chr5,3;3,142903653,142903659
29580,167721.7,1,1,1083,124,1.0,0.8092782,chr5,3;3,142903653,142903659
29580,167721.7,1,1,1083,054,1.0,0.8092782,chr5,3;3,142903653,142903659
29580,167721.7,1,1,1084,258,1.0,0.7364156,chr5,3;3,142903652,142903658
29580,167721.7,1,1,1084,110,1.0,0.7364156,chr5,3;3,142903652,142903658
29580,167721.7,1,1,1084,405,1.0,0.7364156,chr5,3;3,142903652,142903658
29580,167721.7,1,1,1084,015,0.786294229566558,0.7364156,chr5,3;3,142903652,142903658
29580,167721.7,1,1,1084,433,1.0,0.7364156,chr5,3;3,142903652,142903658
29580,167721.7,1,1,1084,418,0.773898781071913,0.7364156,chr5,3;3,142903652,142903658
29580,167721.7,1,1,1084,121,1.0,0.7364156,chr5,3;3,142903652,142903658
29580,167721.7,1,1,1084,068,1.0,0.7364156,chr5,3;3,142903652,142903658
29580,167721.7,1,1,1084,124,1.0,0.7364156,chr5,3;3,142903652,142903658
29580,167721.7,1,1,1084,054,1.0,0.7364156,chr5,3;3,142903652,142903658
29580,167721.7,1,1,1085,258,1.0,0.7055695,chr5,3;3,142903651,142903657
29580,167721.7,1,1,1085,110,1.0,0.7055695,chr5,3;3,142903651,142903657
29580,167721.7,1,1,1085,405,1.0,0.7055695,chr5,3;3,142903651,142903657
29580,167721.7,1,1,1085,015,0.786294229566558,0.7055695,chr5,3;3,142903651,142903657
29580,167721.7,1,1,1085,433,1.0,0.7055695,chr5,3;3,142903651,142903657
29580,167721.7,1,1,1085,418,0.773898781071913,0.7055695,chr5,3;3,142903651,142903657
29580,167721.7,1,1,1085,121,1.0,0.7055695,chr5,3;3,142903651,142903657
29580,167721.7,1,1,1085,068,1.0,0.7055695,chr5,3;3,142903651,142903657
29580,167721.7,1,1,1085,124,1.0,0.7055695,chr5,3;3,142903651,142903657
29580,167721.7,1,1,1085,054,1.0,0.7055695,chr5,3;3,142903651,142903657
29580,167721.7,1,1,1086,258,1.0,0.6788823,chr5,3;3,142903650,142903656
29580,167721.7,1,1,1086,110,1.0,0.6788823,chr5,3;3,142903650,142903656
29580,167721.7,1,1,1086,405,1.0,0.6788823,chr5,3;3,142903650,142903656
29580,167721.7,1,1,1086,015,0.786294229566558,0.6788823,chr5,3;3,142903650,142903656
29580,167721.7,1,1,1086,433,1.0,0.6788823,chr5,3;3,142903650,142903656
29580,167721.7,1,1,1086,418,0.773898781071913,0.6788823,chr5,3;3,142903650,142903656
29580,167721.7,1,1,1086,121,1.0,0.6788823,chr5,3;3,142903650,142903656
29580,167721.7,1,1,1086,068,1.0,0.6788823,chr5,3;3,142903650,142903656
29580,167721.7,1,1,1086,124,1.0,0.6788823,chr5,3;3,142903650,142903656
29580,167721.7,1,1,1086,054,1.0,0.6788823,chr5,3;3,142903650,142903656
29580,167721.7,1,1,1087,039,1.0,0.6325238000000001,chr5,3;3,142903649,142903655
29580,167721.7,1,1,1230,258,1.0,0.7073788000000001,chr5,3;3,142903506,142903512
29580,167721.7,1,1,1230,110,1.0,0.7073788000000001,chr5,3;3,142903506,142903512
29580,167721.7,1,1,1230,405,1.0,0.7073788000000001,chr5,3;3,142903506,142903512
29580,167721.7,1,1,1230,015,0.786294229566558,0.7073788000000001,chr5,3;3,142903506,142903512
29580,167721.7,1,1,1230,433,1.0,0.7073788000000001,chr5,3;3,142903506,142903512
29580,167721.7,1,1,1230,418,0.773898781071913,0.7073788000000001,chr5,3;3,142903506,142903512
29580,167721.7,1,1,1230,121,1.0,0.7073788000000001,chr5,3;3,142903506,142903512
29580,167721.7,1,1,1230,068,1.0,0.7073788000000001,chr5,3;3,142903506,142903512
29580,167721.7,1,1,1230,124,1.0,0.7073788000000001,chr5,3;3,142903506,142903512
29580,167721.7,1,1,1230,054,1.0,0.7073788000000001,chr5,3;3,142903506,142903512
29580,167721.7,1,1,1231,258,1.0,0.995758,chr5,3;3,142903505,142903511
29580,167721.7,1,1,1231,110,1.0,0.995758,chr5,3;3,142903505,142903511
29580,167721.7,1,1,1231,405,1.0,0.995758,chr5,3;3,142903505,142903511
29580,167721.7,1,1,1231,015,0.786294229566558,0.995758,chr5,3;3,142903505,142903511
29580,167721.7,1,1,1231,433,1.0,0.995758,chr5,3;3,142903505,142903511
29580,167721.7,1,1,1231,418,0.773898781071913,0.995758,chr5,3;3,142903505,142903511
29580,167721.7,1,1,1231,121,1.0,0.995758,chr5,3;3,142903505,142903511
29580,167721.7,1,1,1231,068,1.0,0.995758,chr5,3;3,142903505,142903511
29580,167721.7,1,1,1231,124,1.0,0.995758,chr5,3;3,142903505,142903511
29580,167721.7,1,1,1231,054,1.0,0.995758,chr5,3;3,142903505,142903511
29580,167721.7,1,1,1232,258,1.0,0.9986681000000001,chr5,3;3,142903504,142903510
29580,167721.7,1,1,1232,110,1.0,0.9986681000000001,chr5,3;3,142903504,142903510
29580,167721.7,1,1,1232,405,1.0,0.9986681000000001,chr5,3;3,142903504,142903510
29580,167721.7,1,1,1232,015,0.786294229566558,0.9986681000000001,chr5,3;3,142903504,142903510
29580,167721.7,1,1,1232,433,1.0,0.9986681000000001,chr5,3;3,142903504,142903510
29580,167721.7,1,1,1232,418,0.773898781071913,0.9986681000000001,chr5,3;3,142903504,142903510
29580,167721.7,1,1,1232,121,1.0,0.9986681000000001,chr5,3;3,142903504,142903510
29580,167721.7,1,1,1232,068,1.0,0.9986681000000001,chr5,3;3,142903504,142903510
29580,167721.7,1,1,1232,124,1.0,0.9986681000000001,chr5,3;3,142903504,142903510
29580,167721.7,1,1,1232,054,1.0,0.9986681000000001,chr5,3;3,142903504,142903510
29580,167721.7,1,1,1233,258,1.0,0.9995785,chr5,3;3,142903503,142903509
29580,167721.7,1,1,1233,110,1.0,0.9995785,chr5,3;3,142903503,142903509
29580,167721.7,1,1,1233,405,1.0,0.9995785,chr5,3;3,142903503,142903509
29580,167721.7,1,1,1233,015,0.786294229566558,0.9995785,chr5,3;3,142903503,142903509
29580,167721.7,1,1,1233,433,1.0,0.9995785,chr5,3;3,142903503,142903509
29580,167721.7,1,1,1233,418,0.773898781071913,0.9995785,chr5,3;3,142903503,142903509
29580,167721.7,1,1,1233,121,1.0,0.9995785,chr5,3;3,142903503,142903509
29580,167721.7,1,1,1233,068,1.0,0.9995785,chr5,3;3,142903503,142903509
29580,167721.7,1,1,1233,124,1.0,0.9995785,chr5,3;3,142903503,142903509
29580,167721.7,1,1,1233,054,1.0,0.9995785,chr5,3;3,142903503,142903509
29580,167721.7,1,1,1234,258,1.0,0.9998066999999999,chr5,3;3,142903502,142903508
29580,167721.7,1,1,1234,110,1.0,0.9998066999999999,chr5,3;3,142903502,142903508
29580,167721.7,1,1,1234,405,1.0,0.9998066999999999,chr5,3;3,142903502,142903508
29580,167721.7,1,1,1234,015,0.786294229566558,0.9998066999999999,chr5,3;3,142903502,142903508
29580,167721.7,1,1,1234,433,1.0,0.9998066999999999,chr5,3;3,142903502,142903508
29580,167721.7,1,1,1234,418,0.773898781071913,0.9998066999999999,chr5,3;3,142903502,142903508
29580,167721.7,1,1,1234,121,1.0,0.9998066999999999,chr5,3;3,142903502,142903508
29580,167721.7,1,1,1234,068,1.0,0.9998066999999999,chr5,3;3,142903502,142903508
29580,167721.7,1,1,1234,124,1.0,0.9998066999999999,chr5,3;3,142903502,142903508
29580,167721.7,1,1,1234,054,1.0,0.9998066999999999,chr5,3;3,142903502,142903508
29580,167721.7,1,1,1235,258,1.0,0.9998746,chr5,3;3,142903501,142903507
29580,167721.7,1,1,1235,110,1.0,0.9998746,chr5,3;3,142903501,142903507
29580,167721.7,1,1,1235,405,1.0,0.9998746,chr5,3;3,142903501,142903507
29580,167721.7,1,1,1235,015,0.786294229566558,0.9998746,chr5,3;3,142903501,142903507
29580,167721.7,1,1,1235,433,1.0,0.9998746,chr5,3;3,142903501,142903507
29580,167721.7,1,1,1235,418,0.773898781071913,0.9998746,chr5,3;3,142903501,142903507
29580,167721.7,1,1,1235,121,1.0,0.9998746,chr5,3;3,142903501,142903507
29580,167721.7,1,1,1235,068,1.0,0.9998746,chr5,3;3,142903501,142903507
29580,167721.7,1,1,1235,124,1.0,0.9998746,chr5,3;3,142903501,142903507
29580,167721.7,1,1,1235,054,1.0,0.9998746,chr5,3;3,142903501,142903507
