Gene Symbol,Entrez ID
Aaas,300259
Aadacl1,294930
Aars,292023
Aarsd1,619440
Abca3,302973
Abcc8,25559
Abcf1,85493
Abhd12,499913
Abhd16a,361796
Abhd2,293050
Abi1,79249
Ablim3,307395
Acap3,313772
Acbd6,289125
Accn1,25364
Aco2,79250
Acot7,26759
Acpl2,315939
Acta1,29437
Actb,81822
Actg1,287876
Actn1,81634
Actr1b,316333
Actr2,289820
Actr3,81732
Actr3b,362298
Acvr2a,29263
Adam10,29650
Adam11,360638
Adam23,301460
Adamts3,305253
Adap1,171097
Adap2,56826
Adcy1,305509
Adcy3,64508
Adcy5,64532
Adcy9,302950
Adcyap1,24166
Add2,24171
Adora1,29290
Adora3,25370
Adprh,25371
Adrm1,65138
Adss,289276
Aff2,293922
Aff3,363220
Afmid,688283
Agap3,362300
Aggf1,310005
Agpat1,406165
Ahcy,29443
Aimp1,114632
Aimp2,288480
Ajap1,687031
Akap11,498549
Akap17b,313434
Akap2,298024
Akap5,171026
Akap6,64553
Akap8l,299569
Akap9,246150
Akirin1,595134
Akr1a1,78959
Akr1b10,296972
Akt1s1,292887
Akt3,29414
Alcam,79559
Alg11,361174
Alg2,313231
Alg6,362547
Alg8,293129
Alkbh8,366783
Alox15,81639
Ambra1,59319
Amd1,81640
Amph,60668
Anapc2,296558
Anapc4,305420
Anapc7,304490
Angel1,362765
Ank2,362036
Ankfy1,303292
Ankh,114506
Ankmy2,314046
Ankra2,294679
Ankrd11,365023
Ankrd12,316775
Ankrd13b,360575
Ankrd17,289521
Ankrd27,361555
Ankrd34a,295283
Ankrd34b,499506
Ankrd42,293117
Ankrd45,289152
Ankrd52,362811
Ankrd55,361898
Anp32a,25379
Anpep,81641
Anxa11,290527
Ap1ar,362037
Ap1b1,29663
Ap1g1,171494
Ap1s1,360785
Ap2a2,81637
Ap3b1,309969
Ap3d1,314633
Ap3m2,140667
Ap4b1,310746
Apaf1,78963
Apba2,83610
Apbb1ip,307171
Apbb3,117026
Apc,24205
Api5,362170
Apoc1,25292
App,54226
Arap2,305367
Arc,54323
Arcn1,300674
Arf1,64310
Arf2,79119
Arf3,140940
Arf5,79117
Arfgap2,362162
Arfgap3,503165
Arfgef1,312915
Arfip2,293344
Arg1,29221
Arglu1,290912
Arhgap1,311193
Arhgap15,295635
Arhgap20,367085
Arhgap21,307178
Arhgap22,306279
Arhgap25,500246
Arhgap39,500901
Arhgdia,360678
Arhgdig,360500
Arhgef1,60323
Arhgef2,310635
Arhgef25,314904
Arhgef7,114559
Arhgef9,66013
Arid1b,282546
Arl1,64187
Arl3,64664
Arl6,363760
Arl6ip1,293551
Arl6ip5,66028
Arl8a,498234
Armc6,306352
Armcx1,501619
Armcx2,367903
Armcx3,367902
Arpc2,301511
Arpc4,297518
Arpc5,360854
Arpc5l,296710
Arpp21,363153
Arv1,292097
Asap1,314961
Asb15,500050
Asb3,364227
Asb7,365277
Ascc2,498402
Ascc3,309887
Ascc3l1,296126
Asgr2,29403
Asns,25612
Aspdh,292875
Asphd2,364948
Atcay,362826
Atg12,361321
Atg13,362164
Atg14,305831
Atg16l1,363278
Atg2a,689688
Atg7,312647
Atg9a,363254
Atl1,362750
Atp13a1,290673
Atp1a1,24211
Atp1a3,24213
Atp1b1,25650
Atp2a2,29693
Atp2b1,29598
Atp2b2,24215
Atp2b3,29599
Atp2b4,29600
Atp5b,171374
Atp6ap1,83615
Atp6ap2,302526
Atp6v0a1,29757
Atp6v0d1,291969
Atp6v0e1,94170
Atp6v0e2,436582
Atp6v1b2,117596
Atp6v1c1,299971
Atp6v1d,299159
Atp6v1f,116664
Atp6v1g2,368044
Atp6v1h,297797
Atp8a1,289615
Atp8b2,361984
Atp9b,291411
Atrip,301014
Atrnl1,307992
Atxn10,170821
Atxn2l,361649
Atxn7l3,287734
Aurkc,292554
Auts2l,304419
B3galnt1,310508
B3galnt2,291212
B3galt2,686081
B3galt6,298690
B3gat3,293722
B3gnt1,293667
B3gnt7,316583
B4galnt1,64828
B4galnt4,309105
B4galt2,313536
B4galt3,494342
B4galt5,362275
B9d2,308443
Bag4,361167
Bag6,94342
Baiap2,117542
Banp,292064
Bap1,306257
Baz2b,317627
Bbs1,309156
Bbs10,500832
Bbs4,300754
Bbs5,362142
Bbs7,361930
Bbs9,315484
Bcas3,363662
Bcl9,310704
Bcorl1,302810
Bdnf,24225
Bend6,363212
Bex1,501625
Bex2,363498
Blcap,171113
Blmh,287552
Bms1,362426
Bok,29884
Bop1,300050
Brd1,315210
Brd9,308067
Bre,362704
Brms1l,299053
Brox,305031
Brsk1,499073
Brsk2,293631
Bscl2,361722
Bsn,29138
Bspry,64027
Btbd1,293060
Btbd10,308890
Btbd2,500793
Btbd3,311462
Btbd6,690367
Btbd9,294318
Btg3,54230
Bves,365603
Bysl,359727
Bzw2,171439
C1ql3,680404
C1qtnf1,303701
C2cd2l,300666
C5ar1,113959
Cab39,301574
Cabin1,94165
Cables2,311703
Cabp7,360970
Cachd1,298267
Cacna1a,25398
Cacna1b,257648
Cacna1c,24239
Cacna1d,29716
Cacna1e,54234
Cacna1g,29717
Cacna1h,114862
Cacna1i,56827
Cacna2d1,25399
Cacna2d3,306243
Cacnb3,25297
Cacng2,84347
Cacng3,140724
Cacng5,140726
Cacng7,140728
Cacybp,289144
Cadm1,363058
Cadm3,360882
Cadps,26989
Cadps2,312166
Calb1,83839
Calm1,24242
Calm2,50663
Calm3,24244
Caln1,363909
Calr,64202
Calr4,689537
Caly,192349
Camk1g,171358
Camk2a,25400
Camk2b,24245
Camk4,25050
Camkk1,60341
Camkk2,83506
Camkmt,299521
Camkv,79011
Camlg,81715
Camsap1,296580
Camta1,362665
Canx,29144
Cap2,116653
Capza2,493810
Car11,308588
Car12,363085
Car6,298657
Car7,291819
Carf,301446
Cars,293638
Cartpt,29131
Casc4,362204
Casp4,114555
Cblb,171136
Cbll1,314028
Cbr1,29224
Cbx6,315136
Ccar1,361849
Ccbp2,140473
Ccdc104,289859
Ccdc106,499071
Ccdc112,498858
Ccdc132,312083
Ccdc22,317381
Ccdc32,296081
Ccdc39,310315
Ccdc43,360637
Ccdc47,303606
Ccdc59,314799
Ccdc65,362994
Ccdc72,679747
Ccdc77,312677
Ccdc88a,305605
Ccdc91,312863
Ccdc92,100036765
Ccdc93,304743
Cck,25298
Ccnd1,58919
Ccnd2,64033
Ccne1,25729
Ccng1,25405
Ccng2,29157
Ccni,289500
Ccnt2,304758
Ccrl1,685243
Cct2,299809
Cct3,295230
Cct5,294864
Cct6a,288620
Cct8,288305
Cd180,294706
Cd24,25145
Cd302,295629
Cd34,305081
Cd3e,315609
Cd48,245962
Cd68,287435
Cd7,303747
Cd84,501872
Cdadc1,361052
Cdc123,116656
Cdc16,290875
Cdc27,360643
Cdc37,114562
Cdc42bpa,114116
Cdh18,310174
Cdh6,25409
Cdh7,29162
Cdh8,84408
Cdipt,192260
Cdk105,171456
Cdk14,362316
Cdk16,81741
Cdk17,314743
Cdk5r1,116671
Cdk5rap1,252827
Cdkl1,314198
Cdkl2,305242
Cdkl3,60396
Cdkn2aip,306455
Celf1,362160
Celf3,499669
Celf4,307540
Celf5,314647
Celsr2,83465
Cenpj,305909
Cep290,314787
Cep57,315423
Cep57l1,294519
Cep70,367153
Cers1,290658
Cetn2,84593
Cetn3,170895
Cfb,294257
Cfdp1,292027
Cfp,299314
Cgref1,245918
Chac1,362196
Chac2,360994
Chchd6,297436
Chd2,308738
Cherp,290614
Chgb,24259
Chit1,289032
Chka,29194
Chl1,89828
Chm,24942
Chmp4b,312254
Chmp5,297995
Chmp7,364419
Chn1,84030
Chordc1,315447
Chp,64152
Chpf,316533
Chpf2,296733
Chrm1,25229
Chrm3,24260
Chrm4,25111
Chrm5,53949
Chrna5,25102
Chrnb2,54239
Chst1,295934
Chst12,304322
Chst15,286974
Chst9,291770
Ciao1,29231
Cinp,299334
Cirbp,81825
Cirh1a,291987
Cisd2,295457
Ciz1,296639
Clasp1,304740
Clcf1,365395
Clcn2,29232
Clcn3,84360
Clcn4-2,60586
Clcn6,295586
Clcn7,29233
Cldn1,65129
Cldn19,298487
Clec11a,29313
Clec16a,287044
Clec2l,296985
Clk2,365842
Clk3,171305
Clptm1,292696
Clptm1l,316916
Clstn2,171394
Cluap1,363544
Clvs1,366311
Clvs2,361459
Cmas,312826
Cmklr1,60669
Cmpk1,298410
Cmtm4,498902
Cnih2,361705
Cnih3,690252
Cnksr2,59322
Cnnm1,309387
Cnot1,291841
Cnot2,299805
Cnot4,312227
Cnot8,363603
Cnpy3,685174
Cntnap1,84008
Cntnap4,307865
Coch,362735
Cog1,303652
Cog3,361073
Cog6,310411
Cog7,293456
Colec12,361289
Copb1,114023
Copb2,60384
Copg,297428
Cops3,287367
Cops5,312916
Cops6,304343
Cops7b,363273
Cops8,363283
Coq10a,362810
Coro2b,300768
Cotl1,361422
Cpd,25306
Cpe,25669
Cpeb1,293056
Cpeb4,303010
Cplx2,116657
Cpne4,367160
Cpne6,691478
Cpne7,361433
Cpne9,297516
Cpped1,302890
Cpsf1,366952
Cpsf2,299256
Cpsf3,298916
Cpsf4,304277
Cpsf7,365407
Crbn,297498
Creld1,312638
Crh,81648
Crhr1,58959
Crim1,298744
Crip2,338401
Crk,54245
Crkl,287942
Crlf1,290655
Crmp1,25415
Cryga,684028
Cryzl1,288256
Cse1l,362273
Csnk1e,58822
Csnk1g2,65278
Csnk2a1,116549
Csnk2a2,307641
Cst6,171096
Cstf1,311670
Ctdspl2,311368
Ctnna2,297357
Ctnnb1,84353
Ctnnbl1,296320
Cttnbp2,282587
Ctxn1,29145
Ctxn2,100302373
Ctxn3,100188934
Cuedc2,294009
Cul1,362356
Cul2,361258
Cul5,64624
Cwc27,361887
Cxadr,89843
Cxcr4,60628
Cyb561d1,362017
Cyb5r4,171015
Cyfip1,308666
Cyfip2,303073
Cyp46a1,362782
Cyp4x1,246767
Cyp7b1,25429
Cysltr1,114099
Dab1,266729
Dbc1,140610
Dbn1,81653
Dbr1,681234
Dcaf13,362902
Dclk1,83825
Dcn,29139
Dcp2,291604
Dctn1,29167
Dctn2,299850
Dctn3,362504
Dctn5,308961
Dcun1d2,688913
Dcun1d4,360928
Dcx,84394
Ddb1,64470
Ddn,25113
Ddx17,315133
Ddx19b,690693
Ddx23,300208
Ddx24,373065
Ddx25,58856
Ddx3x,317335
Ddx42,303607
Ddx46,245957
Ddx47,297685
Ddx49,290660
Ddx56,289780
Dennd4b,361987
Derl3,690315
Dgcr8,287954
Dgkd,368088
Dgkg,25666
Dgki,688705
Dgkz,81821
Dhdds,298541
Dhps,288923
Dhx15,289693
Dhx36,310461
Dhx40,287595
Dhx57,366532
Dhx9,304859
Diexf,305076
Dimt1,294718
Dip2c,307067
Diras2,291006
Dis3,306103
Dis3l2,367307
Disp2,311324
Dlg1,25252
Dlg2,64053
Dlg3,58948
Dlg4,29495
Dlgap3,286923
Dlgap4,286930
Dnajb13,308857
Dnajb14,499716
Dnajc13,363127
Dnajc14,114481
Dnajc25,362526
Dnajc28,360699
Dnajc5,79130
Dnajc6,313409
Dnajc7,303536
Dnal4,300078
Dnm1,140694
Doc2a,65031
Doc2b,81820
Dock3,315992
Dock9,259237
Donson,288257
Dopey1,315864
Dos,314622
Dpcd,294004
Dph1,287523
Dpm1,296394
Dpm3,502017
Dpp3,114591
Dpp6,29272
Dpp9,301130
Drg1,305470
Drosha,310159
Dsel,297865
Dtd1,362227
Dtnb,362715
Dtnbp1,641528
Dusp14l1,365977
Dusp6,116663
Dusp8,361679
Dym,291433
Dync1h1,29489
Dync1i2,116659
Dync2h1,65209
Dynlrb1,170714
Dyrk2,314862
Dyt1,266606
Dzip1,364475
Dzip3,303963
Edc4,361399
Edn3,366270
Eed,293104
Eef1a1,171361
Eef1a2,24799
Eef1b2,363241
Eef1g,293725
Eef2,29565
Efcab1,301957
Efha2,364601
Eftud1,308789
Ehbp1,305556
Ei24,300514
Eif1a,317163
Eif2ak1,27137
Eif2ak2,54287
Eif2ak4,114859
Eif2b5,192234
Eif2s1,54318
Eif2s3y,100312984
Eif3a,292148
Eif3b,288516
Eif3c,293484
Eif3d,362952
Eif3e,299872
Eif3f,293427
Eif3i,682390
Eif3k,292762
Eif3m,295975
Eif3s6ip,300069
Eif4a1,287436
Eif4a2,303831
Eif4b,300253
Eif4e,117045
Eif4ebp1,116636
Eif4enif1,305468
Eif4g1,287986
Eif4g2,361628
Eif5,56783
Eif5b,308306
Ell,306347
Elmod1,315670
Elovl2,498728
Emb,114511
Eml2,192360
Enc1,294674
Enkur,291354
Eno2,24334
Enoph1,305177
Enpp5,316249
Ensa,60334
Entpd3,316077
Entpd6,85260
Epb4.1l4b,366376
Epb41l1,59317
Epb49,361069
Epha4,316539
Epha6,29202
Ephb2,313633
Ephb6,312275
Ephx4,289440
Epn1,117277
Epn2,60443
Eps15,313474
Epsti1,498547
Erc2,259269
Eri3,313535
Erlin2,290823
Erp29,117030
Erp44,298066
Esd,290401
Esyt3,363120
Evl,79115
Ewsr1,289752
Exd2,362759
Exoc3,252881
Exoc4,116654
Exoc5,60627
Exosc9,294975
Ext1,299907
Ext2,311215
Extl1,313610
F8a1,501661
Faah,29347
Faf1,140657
Faf2,291000
Faim2,246274
Falz,303617
Fancl,305600
Far2,500368
Farsa,288917
Fau,29752
Fbll1,363563
Fbxl12,313782
Fbxl15,309453
Fbxl16,494223
Fbxl17,316663
Fbxl2,363156
Fbxl3,306129
Fbxo11,301674
Fbxo16,305970
Fbxo21,360818
Fbxo25,364637
Fbxo31,498959
Fbxo33,314157
Fbxo34,305830
Fbxo38,307390
Fbxo42,362646
Fbxo9,300849
Fbxw4,309444
Fcgr3a,304966
Fert2,301737
Fez2,94269
Fgd1,363460
Fgf13,84488
Fgf14,63851
Fgf16,60464
Fgf9,25444
Fgfr1op2,362463
Fkbp1a,25639
Fkbp1b,58950
Fkbp2,293702
Fkbp3,299104
Flcn,303185
Flot1,64665
Flot2,83764
Flrt1,499308
Flrt3,366205
Fmnl1,287746
Fmr1,24948
Fn3k,498034
Fn3krp,303755
Fnbp4,311183
Folr2,293154
Frmpd4,302656
Frs2,314850
Frzb,295691
Fstl5,365823
Fto,291905
Ftsj3,303608
Ftsjd2,309656
Fuz,308577
Fv1,308568
Fxr1,361927
Fxr2,287433
Fxyd2,29639
Fxyd6,63847
Fxyd7,63848
G3bp1,171092
G3bp2,305240
Gaa,367562
Gab2,84477
Gabarapl1,689161
Gabbr2,83633
Gabra1,29705
Gabra2,289606
Gabra3,24947
Gabra5,29707
Gabrb1,25450
Gabrb3,24922
Gabrg2,29709
Gak,81659
Gal,29141
Galns,292073
Galnt11,311952
Galnt7,29750
Galnt9,304571
Galntl1,362760
Ganab,293721
Gap43,29423
Gapvd1,311880
Gast,25320
Gatsl2,304410
Gcc2,309798
Gcn1l1,690632
Gcnt1,64043
Gcs1,78947
Gda,83585
Gdap1,312890
Gdap1l1,311616
Gdf11,29454
Gdi1,25183
Gdi2,29662
Gdpd1,303407
Gfpt1,297417
Gfra2,25136
Gga2,293455
Gga3,360658
Ggcx,81716
Ggnbp2,360584
Ggps1,291211
Ggt7,156275
Git1,83709
Gja4,25655
Glb1,316033
Glg1,29476
Glmn,289437
Glra2,24397
Glrb,25456
Glt25d1,290637
Gltscr1,292622
Gltscr2,292624
Gmpr,117533
Gna11,81662
Gna15,89788
Gnai1,25686
Gnai2,81664
Gnaq,81666
Gnaz,25740
Gnb5,83579
Gng13,685451
Gng2,80850
Gng3,114117
Gnl1,309593
Gnl2,362593
Gnl3,290556
Gnl3l,100034253
Gnptg,287134
Golga2,64528
Golga5,299258
Golgb1,192243
Gopc,309774
Got1,24401
Gpaa1,300046
Gpatch1,292810
Gpatch4,295228
Gpc4,317322
Gpd1l,363159
Gpkow,679890
Gpm6a,306439
Gpm6b,192179
Gpr108,316136
Gpr12,80840
Gpr137,689984
Gpr139,293545
Gpr158,291352
Gpr162,362436
Gpr165,296866
Gpr171,688737
Gpr22,298944
Gpr63,297952
Gpr75,498434
Gpr85,64020
Gprasp1,171407
Gprin1,364676
Gps1,117039
Gpsm3,406163
Gramd1a,361550
Gramd1b,300644
Grap2,366962
Grem1,50566
Gria1,50592
Gria2,29627
Gria3,29628
Grid1,79219
Grik2,54257
Grik4,24406
Grik5,24407
Grin1,24408
Grin2a,24409
Grin2b,24410
Grinl1a,192147
Gripap1,116493
Grk6,59076
Grm5,24418
Grm7,81672
Grp,171101
Gse1,307913
Gsk3a,50686
Gspt2,501582
Gsta3,24421
Gsta4,300850
Gsta5,494500
Gstm6,499688
Gtdc1,362129
Gtpbp1,300077
Gtpbp4,114300
Guca2a,25656
Gucy1a2,66012
Hace1,361866
Haghl,302995
Hap1,29430
Hars,307492
Hars2l,307491
Hcn1,84390
Heatr1,361262
Heatr5b,362683
Hectd1,362736
Hecw1,291209
Hecw2,316395
Herc1,315771
Herc2,308669
Herc3,362377
Herc4,309758
Hint1,690660
Hmgcr,25675
Hn1,287828
Hnmt,81676
Hnrnpa1,29578
Hnrnpf,64200
Hnrnph2,308650
Hnrnpl,80846
Hnrnpr,319110
Hnrnpu,117280
Hnrnpul1,361522
Hnrnpul2,309197
Hnrpd,79256
Homer1,29546
Homer2,29547
Hook1,313370
Hpca,29177
Hpcal4,50872
Hpgds,58962
Hras,293621
Hrh1,24448
Hs3st2,293451
Hs6st1,316325
Hs6st3,364476
Hsd17b13,305150
Hsd17b14,691018
Hsp90aa1,299331
Hsp90b1,362862
Hspa12a,307997
Hspa8,24468
Hspbp1,246146
Hsph1,288444
Htatsf1,317612
Htr1a,24473
Htr1b,25075
Htr2c,25187
Htr3a,79246
Htr4,25324
Htr5a,25689
Htr5b,79247
Htt,29424
Hyal3,300993
Ibtk,315858
Ica1,81024
Icam5,313785
Ids,363513
Ifi44,310969
Ifrd1,29596
Ifrd2,300994
Ift122,312651
Ift20,287541
Ift52,362265
Ift81,373066
Ift88,305918
Ik,291659
Il12a,84405
Il18bp,84388
Impa1,83523
Impad1,312952
Ina,24503
Inpp4b,116699
Inpp5b,362590
Inpp5j,171088
Insig1,64194
Ints10,290679
Ints12,295448
Ints3,361988
Ipcef1,361474
Ipo4,290228
Ipo5,306182
Iqcb1,303915
Iqsec3,404781
Irs2,29376
Isy1,362394
Itfg1,171083
Itga4,311144
Itpa,311422
Itpka,81677
Itpr1,25262
Itsn2,313934
Jak1,84598
Jakmip1,305434
Jakmip2,307479
Jarid1a,312678
Josd1,315134
Jph3,307916
Jph4,445271
Jup,81679
Kalrn,84009
Katnal1,288449
Katnb1,291852
Kbtbd4,311185
Kbtbd8,500262
Kcna1,24520
Kcna2,25468
Kcna3,29731
Kcna4,25469
Kcna6,64358
Kcnab1,29737
Kcnab2,29738
Kcnc2,246153
Kcnd2,65180
Kcnd3,65195
Kcne3,63883
Kcnf1,298908
Kcng1,296395
Kcnh1,65198
Kcnh3,27150
Kcnh7,170739
Kcnip2,56817
Kcnip4,259243
Kcnj3,50599
Kcnj6,25743
Kcnk4,116489
Kcnk9,84429
Kcnma1,83731
Kcnmb4,66016
Kcnn2,54262
Kcnn3,54263
Kcnq3,29682
Kcnq5l,259273
Kcns2,66022
Kcnt2,304827
Kcnv1,60326
Kctd16,291618
Kctd2,498024
Kctd4,691835
Kdelr3,315131
Kdm4a,313539
Kdsr,360833
Kif21b,289397
Kif2a,84391
Kif3a,84392
Kif3b,296284
Kif5a,314906
Kif5c,311024
Kifap3,289168
KIFC2,300053
Kin,689197
Kirrel3,315546
Kit,64030
Klhdc1,314190
Klhdc2,299113
Klhdc3,363192
Klhdc9,360878
Klhl11,287706
Klhl12,266772
Klhl2,290692
Klhl22,303792
Klhl23,311114
Klhl29,298867
Klhl34,302703
Klhl7,362303
Klhl8,289457
Klhl9,313348
Klk8,308565
Kpna1,288064
Kpna3,361055
Krt26,407758
Ksr1,360573
L1cam,50687
Lamb1,298941
Large,361368
Larp5,307070
Lars,291624
Las1l,296865
Lcmt1,361643
Lcn2,170496
Ldoc1l,300114
Leprot,56766
Leprotl1,361160
Lhfpl4,353230
Limd2,360646
Limk1,65172
Lin37,292787
Lin7b,60377
Lingo1,315691
Lix1,292381
Lman2l,301343
Lmbr1,362295
Lmo7,361084
Lmod1,304816
Lmtk2,304286
Lnp,362151
Lonrf1,306505
Lpar1,116744
Lpcat4,296048
Lphn1,65096
Lpl,24539
Lppr1,298062
Lppr2,300443
Lppr4,295401
Lppr5,310812
Lrfn2,316205
Lrfn3,308495
Lrig2,310753
Lrp11,292462
Lrp12,314941
Lrp1b,311926
Lrp3,89787
Lrrc3b,305705
Lrrc40,310946
Lrrc41,362566
Lrrc46,287653
Lrrc48,287371
Lrrc4c,311236
Lrrc59,287633
Lrrc63,364427
Lrrc68,308398
Lrrfip2,301035
Lrrk2,300160
Lrrn1,500280
Lrrn2,289020
Lrrn3,81514
LRRTM1,679668
Lrrtm4,500219
Lsg1,288029
Lsm4,290647
Lsm7,362829
Lta4h,299732
Ltk,311337
Luc7l2,312251
Luc7l3,360602
Lum,81682
Lxn,59073
Ly6g6e,406866
Ly6h,300025
Lynx1,300018
Lypd1,360838
Lypla2,83510
Lyzl4,363168
Lztr1,360745
Mad2l1,297176
Madd,94193
Maea,298982
Magee1,317232
Magi1,500261
Mak16,306526
Mal2,362911
Man1b1,499751
Man2b2,360955
Map1a,25152
Map1b,29456
Map1lc3a,362245
Map2,25595
Map2k4,287398
Map3k2,171492
Map7d2,317508
Map9,310544
Mapk11,689314
Mapk1ip1,499280
Mapk1ip1l,361028
Mapk8ip2,315220
Mapkbp1,362197
Mapt,29477
March4,367295
March6,294862
Mark1,117016
Mark2,60328
Mas1,25153
Mast3,688540
Mat2b,683630
Matk,60450
Matr3,29150
Mblac2,365627
Mbp,24547
Mbrl,299608
Mbtps2,302705
Mc4r,25635
Mcfd2,246117
Mcm3ap,294339
Mcoln1,288371
Mcph1,306594
Mcu,294560
Mect1,684527
Med16,299607
Mef2bnb,688966
Metap1,295500
Mettl14,295428
Mettl2,363687
Mettl7a,315306
Mex3c,307271
Mfap1a,499878
Mfap4,287382
Mfsd4,498228
Mgat1,81519
Mgat4b,303100
Mgat4c,299756
Mgat5b,303693
Mgrn1,302938
Mgst3,289197
Mink1,303259
Mios,362324
Mkrn1,296988
Mkrn2,297525
Mlf2,312709
Mlst8,64226
Mmaa,291939
Mmd,303439
Mmd2,304301
Mmp17,288626
Mmp9,81687
Mon1b,307868
Morn4,293950
Mospd3,288557
Mpdz,29365
Mphosph10,293828
Mpi,300741
Mpp2,85275
Mpp3,114202
Mpped2,362185
Mpzl2,300679
Mras,25482
Mreg,501162
Mrfap1,282585
Msl1,303514
Mtch1,294313
Mterfd2,363289
Mtf2,360905
Mtmr1,317296
Mtor,56718
Mtpn,79215
Mtrr,290947
Mum1,362838
Mustn1,290553
Mycbp2,290447
Myl1,56781
Myl6,685867
Myo18a,360570
Myo5b,25132
Myo9b,25486
N4bp2l2,288416
Naa25,360811
Naa35,64472
Naa38,296913
Nae1,84019
Nagk,297393
Nalcn,266760
Nanp,311530
Nap1l1,89825
Nap1l2,317247
Nap1l4,361684
Nap1l5,688843
Napa,140673
Napb,499903
Nat13,288108
Nat5,362228
Nbl1,50594
Nbr1,303554
Ncapd3,315508
Ncaph2,300149
Ncbp1,298075
Nccrp1,292755
Ncdn,89791
Nckap1,58823
Ncoa7,498995
Ncs1,65153
Ncstn,289231
Ndfip1,291609
Ndrg1,299923
Ndrg3,296318
Ndrg4,64457
Ndst1,29633
Ndst3,295430
Ndst4,362035
Ndufa10l1,316632
Ndufb4,288088
Necab1,64169
Necab2,170928
Necab3,311562
Necap1,312694
Nedd4l,291553
Nefl,83613
Nefm,24588
Nek4,306252
Nelf,117536
Nell1,81733
Nell2,81734
Net1,307098
Neto1,307206
Neu1,24591
Neurl4,303248
Neurod6,500137
Nfam1,362966
Nfrkb,315523
Ngdn,305887
Ngef,246217
Ngfrap1,117089
Nicn1,619581
Nip30,307652
Nipa2,308667
Nipal2,362899
Nisch,306255
Nkain3,689576
Nkiras1,305751
Nlgn1,116647
Nlgn2,117096
Nlgn3,171297
Nmd3,310512
Nme7,171566
Nmnat2,289095
Nmt1,259274
Nnat,94270
Nob1,291996
Noc2l,313777
Noc4l,360828
Nol6,313167
Nop14,289724
Nop2,314969
Nop56,362214
Nop58,60373
Nos1ap,192363
Nov,81526
Nova1,298992
Npdc1,296562
Nphp1,296136
Nploc4,140639
Nprl2,363138
Nprl3,360505
Nptn,56064
Nptx1,266777
Npy1r,29358
Npy2r,66024
Npy5r,25340
Nrbp,619579
Nrgn,64356
Nrn1,83834
Nrn1l,100189544
Nrp1,246331
Nrp2,81527
Nrsn1,291129
Nrsn2,689978
Nrxn1,60391
Nrxn3,116508
Nsf,60355
Nsg2,497878
Nsun2,361191
Nsun6,307148
Nsun7,305339
Ntn3,114524
Ntng1,295382
Ntrk2,25054
Nts,299757
Nuak1,299694
Nub1,296731
Nucks1,64709
Nudc,29648
Nudcd1,362906
Nudcd3,100125378
Numbl,292732
Nup133,292085
Nup155,117021
Nup160,311182
Nup205,362335
Nup88,113929
Nupl1,245922
Nxf1,59087
Nxph3,59315
Oas1b,246268
Oaz1,25502
Odf2,29479
Odf2l,685425
Odz2,117242
Odz4,308831
Ogfod1,307657
Ola1,296488
Olfm1,93667
Olfml2a,296708
Olfml2b,304960
Olr59,170816
Omd,83717
Optn,246294
Orai2,304592
Orc4,295596
Orc5,362304
Ormdl3,360618
Os9,362891
Osbpl11,303888
Osbpl6,311129
Osbpl8,314824
Otub1,293705
Otub2,314405
Otud5,363452
Oxsr1,316064
Pabpc1,171350
Pabpc4,298510
Pabpn1,116697
Pacs1,171444
Pacsin1,29704
Paip2,361309
Paip2b,312490
Pak3,29433
Pak6,296078
Pank4,171053
Panx2,362979
Parg,83507
Parm1,286894
Parn,360464
Parp6,300759
Pcbp1,500242
Pcdh17,306055
Pcdh18,295027
Pcdh20,306081
Pcdhb13,307489
Pcdhb19,548106
Pcdhb20,680203
Pcdhb22,307486
Pcdhb6,291653
Pcdhga10,498849
Pcdhga11,252897
Pcdhga12,498850
Pcdhga3,498847
Pcnp,288165
Pcnxl2,307949
Pcp4,25510
Pcsk1,25204
Pcsk2,25121
Pcyox1,246302
Pcyox1l,307396
Pcyt1b,286936
Pdcd11,309458
Pdcd7,363082
Pde10a,63885
Pde1a,81529
Pde1b,29691
Pde4a,25638
Pde4b,24626
Pde4d,24627
Pdia3,29468
Pdlim3,114108
Pdpk1,81745
Pds5a,305343
Pdzd4,293856
Pdzrn3,312607
Peg10,678843
Peli1,305549
Penk,29237
Pfdn2,685607
Pfdn6,309629
Pfkfb2,24640
Pfkl,25741
Pfkp,60416
Pfn2,81531
Pgam1,24642
Pgbd5,292098
Pgk1,24644
Pgm1,24645
Pgm2,289632
Pgm2l1,685076
Pgrmc1,291948
Phactr1,306844
Phf20,311575
Phlpp2,498949
Phospho2,295663
Phtf1,252962
Phyhip,290356
Pi4k2a,114554
Pi4ka,64161
Pibf1,306104
Pigb,315807
Pigk,295543
Pign,309051
Pigt,296360
Pik3c3,65052
Pik3r1,25513
Pik3r2,29741
Pik3r4,363131
Pin1,298696
Pink1,298575
Pip4k2a,116723
Pip4k2b,89812
Pip4k2c,140607
Pip5k1a,365865
Pip5k1c,314641
Pithd1,298557
Pitpnb,114561
Pitpnm1,361694
Pitpnm2,304474
Pkd2,498328
Pkib,24678
Pkp2,287925
Pla2g2c,29387
Pla2g2d,298579
Pla2g6,360426
Plaa,116645
Plac8,360914
Plat,25692
Plcxd2,363781
Pld3,361527
Plekha5,246237
Plekhg5,310999
Plekhh2,313866
Plekhm1,303584
Plekhm2,313667
Plk2,83722
Plscr2,315883
Plxna3,309280
Plxna4a,312213
Pm20d2,313130
Pnck,29660
Pnma2,305977
Pnma3,293840
Pnmal1,361515
Pnmal2,308393
Pnn,368070
Pnpla3,362972
Pnpo,64533
Podxl2,297433
Pold3,293144
Poldip3,315170
Poli,291526
Pom121,113975
Pop7,288564
Porcn,317368
Pp3111,246185
Ppa1,294504
Ppan,298699
Ppat,117544
Ppfia2,362876
Ppfia3,140591
Ppia,25518
Ppil4,361449
Ppip5k1,311355
Ppm1b,24667
Ppm1e,360593
Ppm1g,259229
Ppme1,361613
Ppp1ca,24668
Ppp1cb,25594
Ppp1cc,24669
Ppp1r12b,304813
Ppp1r16a,362944
Ppp1r9a,84685
Ppp1r9b,84686
Ppp2cb,24673
Ppp2r1a,117281
Ppp2r3c,362739
Ppp3r1,29748
Ppp4r2,297486
Ppp5c,65179
Ppp6c,171121
Praf2,367743
Prcc,310687
Prcp,293118
Prdm8,305198
Prep,83471
Prepl,298771
Prkaa1,65248
Prkab2,64562
Prkacb,293508
Prkag2,373545
Prkar2b,24679
Prkcg,24681
Prkci,84006
Prkcz,25522
Prkrip1,498171
Prmt1,60421
Prmt10,291947
Prmt3,89820
Prmt8,688502
Prnp,24686
Prokr2,192649
Prosapip1,280670
Prpf18,171552
Prpf3,361995
Prpf31,292536
Prr11,360591
Prr16,361327
Prrc2b,296637
Prrc2c,360865
Prrt1,406167
Prrt3,502873
Prss23,308807
Prune,310664
Psd,171381
Psd3,306380
Psen2,81751
Psma1,29668
Psma3,29670
Psmb5,29425
Psmb7,85492
Psmc1,117263
Psmc3,29677
Psmc6,289990
Psmd1,83806
Psmd12,287772
Psmd13,365388
Psmd14,311078
Psmd2,287984
Psmd3,287670
Psmd5,296651
Psmd7,307821
Psme1,29630
Psme3,287716
Psph,304429
Pspn,25525
Ptbp2,310820
Ptgs2,29527
Ptk2,25614
Ptk2b,50646
Ptn,24924
Ptp4a2,85237
Ptplb,288058
Ptpn23,117552
Ptpn4,246116
Ptpn5,29644
Ptprb,314843
Ptprj,29645
Ptprk,360302
Ptprn,116660
Ptprn2,29714
Pttg1ip,365548
Pum1,362609
Pum2,298874
Purg,361162
Pwp2,690297
Qars,290868
Qrsl1,309911
Qsox1,84491
R3hdm1,304763
R3hdm2,362894
Rab1,81754
Rab11fip2,308003
Rab11fip4,303337
Rab15,299156
Rab24,361208
Rab2a,65158
Rab36,690407
Rab39,315668
Rab3gap2,289350
Rab40b,303754
Rab5a,64633
Rab5b,288779
Rab6a,84379
Rab6b,363123
Rab9b,367915
Rabepk,296649
Rabgap1,311911
Rabggta,58983
Rabggtb,25533
Rabl2b,362987
Rad52,297561
Rae1,362281
Rala,81757
Ralbp1,84014
Ralyl,294883
Ramp1,58965
Ran,84509
Ranbp10,361396
Ranbp17,303029
Ranbp2,294429
Ranbp3,501281
Ranbp6,309326
Rangap1,362965
Rap1b,171337
Rap1gap2,303298
Rap2b,170923
Rap2ip,303569
Rapgefl1,303515
Rarres1,310486
Rasal1,360814
Rasd2,171099
Rasgef1a,312664
Rasgrf1,192213
Rasgrf2,114513
Rasgrp1,29434
Rasl10a,364190
Raver1,298705
Raver2,362551
Rb1cc1,312927
Rbbp5,304794
Rbbp6,308968
Rbbp9,29459
Rbck1,60383
Rbm10,64510
Rbm25,366693
Rbm27,361317
Rbm33,362297
Rbm34,307956
Rbm39,362251
Rbm4,293663
Rbm45,266631
Rbm5,300996
Rbm6,315997
Rbm7,315634
Reep1,362384
Reep3,294375
Reep6,362835
Rell2,361313
Reps2-ps1,363466
Rerg,502916
Rev1,316344
Rev3l,309812
Rexo1,314630
Rexo4,311826
Rfng,60433
Rfwd2,360860
Rg9mtd3,298081
Rgnef,361882
Rgp1,313493
Rgs13,498246
Rgs14,114705
Rgs17,308118
Rgs18,289076
Rgs4,29480
Rgs5,54294
Rgs6,54295
Rgs7bp,294715
Rhbdl1,117025
Rhbdl3,287556
Rheb,26954
Rhob,64373
Ric8b,314681
Ril,24915
Rilpl1,304469
Rimbp2,266780
Rims1,84556
Rims2,116839
Rin1,207119
Riok1,291061
Rit2,291713
Rmnd5b,497900
Rnaseh2a,364974
Rnd1,362993
Rnd3,295588
Rnf10,288710
Rnf112,24916
Rnf113a2,314313
Rnf123,100190936
Rnf126,314613
Rnf14,619577
Rnf145,287212
Rnf146,308051
Rnf150,364983
Rnf165,307251
Rnf167,360554
Rnf170,364654
Rnf185,360967
Rnf208,499748
Rnf216,304294
Rnf25,301515
Rnf34,282845
Rnf38,171501
Rnf40,266712
Rnft2,304521
Rngtt,313131
Rnmt,291534
Rnps1,287113
Robo2,84409
Rock2,25537
Rogdi,287061
Rpap3,300189
Rpgr,367733
Rpgrip1l,307724
Rph3a,171039
Rpl10,81764
Rpl12,499782
Rpl13,81765
Rpl13a,317646
Rpl15,245981
Rpl17,291434
Rpl18a,290641
Rpl19,81767
Rpl21,79449
Rpl22l1,361923
Rpl24,64307
Rpl26,287417
Rpl27,64306
Rpl27a,293418
Rpl28,64638
Rpl31,64298
Rpl35,296709
Rpl36,58927
Rpl36a,292964
Rpl37,81770
Rpl4,64302
Rpl41,124440
Rpl5,81763
Rpl6,117042
Rpl7a,296596
Rplp1,140661
Rprd1b,311591
Rps12,65139
Rps16,140655
Rps18,294282
Rps19,29287
Rps2,83789
Rps20,122772
Rps21,81775
Rps23,124323
Rps25,122799
Rps26,27139
Rps27,94266
Rps3a,29288
Rps6ka2,117269
Rps6kc1,289342
Rps7,29258
Rps8,65136
Rpsa,29236
Rptor,287871
Rraga,117044
Rragc,298514
Rrnad1,361976
Rrp1,309674
Rrp1b,309673
Rrp7a,362967
Rsl1d1,302898
Rsph10b,288478
Rsph9,316238
Rspo2,500863
Rsrc1,361956
RT1-DMa,294274
Rtn1,116644
Rtn3,140945
Rtn4r,113912
Rtn4rl1,303311
Rundc3b,688590
Rwdd3,65026
Rxrg,83574
Ryr2,689560
S100a10,81778
Sacs,305940
Sae1,308384
Safb,64196
Samd12,362910
Samd8,305684
Sap130,307527
Sap30bp,360662
Saps3-ps1,309144
Sart1,29678
Sart3,304582
Sbf1,300147
Scaf4,245924
Scamp4,65170
Scaper,117521
Scg2,24765
Scg3,116635
Scg5,25719
Schip1,295105
Sclt1,266809
Scn2a1,24766
Scn3a,497770
Scn4b,315611
Scoc,364981
Sctr,81779
Scyl2,314717
Sdccag8,305002
Sdr39u1,361044
Sec11a,65166
Sec14l1,360668
Sec23a,58817
Sec23ip,309010
Sec24b,295461
Sec31a,93646
Sec3l1,305287
Sec61a2,361273
Sec61g,689134
Secisbp2l,296115
Secp43,65241
Sel1l3,360945
Selo,315216
Sels,286900
Sema6b,84609
Senp2,78973
Senp3,303245
Senp5,303874
Senp6,300860
Senp7,288167
Sept11,305227
Sept3,56003
Sept7,64551
Sepw1,25545
Serbp1,246303
Serinc1,294421
Serinc2,313057
Setd4,245975
Sez6,192247
Sez6l,304554
Sf1,117855
Sf3a1,305479
Sf3a3,313583
Sf3b1,84486
Sf3b2,293671
Sf4,290666
Sfpq,252855
Sfrp4,89803
Sfswap,304431
Sgca,303468
Sgk196,306549
Sgsm3,362963
Sh2d1b,501869
Sh3bgr,498066
Sh3bgrl,302363
Sh3gl2,116743
Sh3glb2,311848
Sh3rf1,306417
Shank1,78957
Shank3,59312
Sharpin,81859
Shbg,24775
Shc2,314612
Shc3,114858
Shisa6,497926
Shroom2,317435
siat7D,407764
Siat7E,365984
Siat7F,407765
Sidt1,288109
Sigmar1,29336
Sipa1l1,246212
Sipa1l3,292771
Sirpa,25528
Skiv2l,294260
Skp1,287280
Slamf9,289235
Slbp,681062
Slc12a5,171373
Slc13a4,503568
Slc16a14,316578
Slc17a5,363103
Slc17a7,116638
Slc1a1,25550
Slc1a5,292657
Slc22a17,305886
Slc24a3,85267
Slc26a8,309646
Slc2a13,171147
Slc2a3,25551
Slc2a6,296600
Slc30a3,366568
Slc30a4,64469
Slc30a9,498358
Slc35a1,313139
Slc35c1,311204
Slc35e1,498599
Slc35e2,313765
Slc35f1,502421
Slc36a1,155205
Slc36a4,315439
Slc37a3,312255
Slc38a4,170573
Slc38a7,291840
Slc39a7,294281
Slc39a9,314275
Slc44a1,85254
Slc45a1,246258
Slc4a10,295645
Slc4a1ap,298805
Slc4a7,117955
Slc4a8,315311
Slc5a6,170551
Slc6a13,171163
Slc6a15,282712
Slc6a20,113918
Slc6a7,117100
Slc7a14,499587
Slc7a4,303787
Slc7a6,307811
Slc9a1,24782
Slc9a2,24783
Slc9a4,24785
Slc9a5,192215
Slc9a8,311651
Slit1,65047
Slit2,360272
Slitrk1,306147
Slitrk2,309349
Slitrk5,306152
Slitrk6,290467
Sln,367086
Smc2,362519
Smcr8,497918
Smek1,314388
Smg5,681012
Smg7,360855
Smn1,64301
Smpd3,94338
Snap25,25012
Snap47,303183
Snap91,65178
Snapap,295217
Snapc1,314228
Snapc5,691501
Snca,29219
Sncg,64347
Snhg11,362256
Snrnp25,287170
Snrnp35,360803
Snrnp70,361574
Snrpa,292729
Snrpb2,362223
Snrpc,361808
Snrpn,81781
Snurf,113938
Snx10,297096
Snx14,315871
Snx19,315478
Snx25,306471
Snx27,260323
Snx32,361708
Sobp,309860
Sorcs3,294043
Sorl1,300652
Sort1,83576
Spast,362700
Spata2L,498963
Spata7,192225
Spata9,294594
Spcs3,680782
Sphkap,316561
Spink8,301016
Spint2,292770
Spon1,64456
Spry3,498159
Spryd3,315327
Spsb3,302981
Sptb,314251
Sptbn1,305614
Sptbn2,29211
Sqstm1,113894
Srgap1,314903
Srp54a,116650
Srp68,363707
Srp72,498351
Srp9,690345
Srpk1,361811
Srpk2,296753
Srpx,64316
Srr,303306
Srrm1,313620
Srsf1,689890
Srsf12,297962
Srsf4,362612
Ssbp4,364534
Sssca1,689397
Sstr2,54305
Sstr4,25555
Ssx2ip,308023
St3gal1,362924
St3gal3,64445
St3gal5,83505
St6gal2,301155
St8sia5,364901
Stac,363152
Stau2,171500
Steap4,499991
Stim1,361618
Stip1,192277
Stk25,373542
Stk3,65189
Stk32c,365381
Stk4,311622
Stmn1,29332
Stmn3,29246
Stoml1,300748
Strada,303605
Stradb,501146
Strn4,308392
Stx16,362283
Stx1a,116470
Stx1b,24923
Stx4,81803
Stx7,60466
Stxbp5,81022
Stxbp5l,288080
Sugp2,361126
Sugt1,290408
Suhw3,302812
Sult4a1,58953
Sumo3,499417
Supt16h,305851
Supt6h,303281
Supt7l,313905
Surf2,619345
Susd2,294335
Sv2a,117559
Sv2b,117556
Svop,171442
Syn1,24949
Syndig1,362235
Syngap1,192117
Synj1,85238
Synpo,60324
Syp,24804
Sypl1,366595
Syt1,25716
Syt11,60568
Syt13,80977
Syt16,299142
Syt17,192189
Syt3,25731
Syt4,64440
Syt5,54309
Syt9,60564
Syvn1,361712
Szt2,362573
Tab2,308267
Tacr1,24807
Taf15,287571
Taf1b,690450
Taldo1,83688
Tanc1,311055
Tanc2,303599
Taok1,286993
Taok2,64666
Tatdn2,500295
Tax1bp3,360564
Tbc1d1,360937
Tbc1d13,499768
Tbc1d17,292886
Tbc1d24,287110
Tbc1d25,302552
Tbcb,292777
Tbce,361255
Tbck,295446
Tbk1,299827
Tcerg1,307474
Tcp1,24818
Tcp11l1,499846
Tctn3,309486
Tecr,191576
Tesk1,29460
Tff3,25563
Tfg,360709
Tgfb2,81809
Thap6,305244
Thoc2,313308
Thoc3,290519
Thoc5,360972
Thpo,81811
Thtpa,305889
Thumpd1,309041
Thy1,24832
Tifab,364674
Timp1,116510
Tjp1,292994
Tlk2,303592
Tln2,315776
Tm9sf2,306197
Tmc5,365360
Tmco6,291661
Tmed2,65165
Tmed9,361207
Tmem101,303564
Tmem104,303670
Tmem126b,293114
Tmem127,311405
Tmem130,304280
Tmem131,316335
Tmem132a,338474
Tmem14a,363206
Tmem168,312135
Tmem175,305623
Tmem18,362722
Tmem181,502228
Tmem188,291914
Tmem200a,498987
Tmem214,362711
Tmem222,313021
Tmem231,361410
Tmem237,316412
Tmem25,689172
Tmem38a,306327
Tmem39b,362608
Tmem42,363171
Tmem45a,680866
Tmem50a,298552
Tmem57,313618
Tmem59,100196907
Tmem59l,306349
Tmem63b-ps1,363197
Tmem63c,314332
Tmem66,290796
Tmem67,313067
Tmem68,312946
Tmem74,500864
Tmem80,309109
Tmem85,296049
Tmem86b,690610
Tmem87a,366170
Tmem8b,313490
Tmf1,114206
Tmod2,58814
Tmod4,295261
Tmsb10,50665
Tmsb4x,81814
Tmub1,362301
Tmub2,303567
Tmx1,362751
Tmx4,296182
Tnfaip8l2,310663
Tnfsf13,287437
Tnip1,363599
Tnip2,305451
Tnnc1,290561
Tnpo2,304670
Tnpo3,296954
Tollip,361677
Top3b,287930
Tp53i11,311209
Tpcn2,309139
Tpd52l1,689256
Tpm1,24851
Tpm2,500450
Tpp2,81815
Tpr,304862
Tpt1,116646
Tra2a,500116
Tra2b,117259
Trafd1,114635
Traip,367167
Tram1l1,310846
Trappc2l,292074
Trappc3,362599
Trappc6b,299075
Trappc8,291750
Trappc9,315059
Trhde,366894
Trim11,360534
Trim2,361970
Trim23,81002
Trim30,499223
Trim32,313264
Trim33,365894
Trim35,498538
Trim44,362172
Trim46,310641
Trmt112,293700
Trmt12,314999
Trmt5,362754
Trpc4,84494
Trpc4ap,362247
Trpc5,140933
Trub1,361775
Tsc1,60445
Tsga14,500069
Tsn,60381
Tsnax,64028
Tspan13,366602
Tspan8,171048
Tspyl2,302612
Tspyl5,314555
Tssc1,362721
Ttc1,287208
Ttc13,292095
Ttc15,314013
Ttc27,298782
Ttc33,294774
Ttc37,294595
Ttc39b,298186
Ttc4,362556
Ttc5,305837
Ttc8,299246
Ttc9b,361528
Tti1,499935
Ttk,315852
Ttll3,362415
Ttll9,311548
Ttpal,296349
Tub,25609
Tuba1a,64158
Tuba1b,500929
Tuba8,500377
Tubb2a,498736
Tubb2c,296554
Tubb3,246118
Tubgcp2,309098
Tubgcp3,306599
Tubgcp5,308663
Tusc2,501052
Twsg1,363294
Txlng,302680
Txndc11,302899
Txndc15,307180
Txnl4b,292008
Tyro3,25232
Uba1,314432
Uba2,308508
Uba52,64156
Ubap2,313169
Ube2b,81816
Ube2d2,641452
Ube2g2,294331
Ube2k,289623
Ube2l6,295704
Ube2m,361509
Ube2o,303689
Ube2q1,295252
Ube2q2,363065
Ube2ql1,679949
Ube2s,292588
Ube2t,360847
Ube2v2,287927
Ube2z,303478
Ube3a,361585
Ube3c,362294
Ube4b,298652
Ubfd1,293454
Ubl7,300744
Ubp1,301038
Ubqln2,317396
Ubqln4,310633
Ubr1,499877
Ubr4,313658
Ubtd2,287178
Ubxn4,304766
Uchl3,498560
Uck2,304944
Ufsp2,361151
Ugcg,83626
Uggt1,171129
Ugt8,50555
Uhmk1,246332
Ulk1,360827
Umps,288051
Unc13a,64829
Unc45a,308759
Unc5a,60629
Unc80,316460
Unk,360663
Upf2,361271
Upf3a,361176
Upf3b,313449
Urb2,292087
Urgcp,305493
Uso1,56042
Usp1,313387
Usp10,307905
Usp11,408217
Usp12,360763
Usp15,171329
Usp2,115771
Usp22,303201
Usp28,315639
Usp29,361495
Usp31,308959
Usp32,303394
Usp33,310960
Usp34,360990
Usp4,290864
Usp42,288482
Usp43,303233
Usp45,313098
Usp5,297593
Usp7,360471
Usp8,296121
Uspl1,288447
Utp14a,317579
Utp15,310019
Vac14,307842
Vamp2,24803
Vapa,58857
Vapb,60431
Vcp,116643
Vcpip1,286761
Vezt,299738
Vgf,29461
Vip,117064
Vopp1,362374
Vprbp,315987
Vps11,315600
Vps13a,309243
Vps13b,315036
Vps16,296159
Vps18,296083
Vps24,282834
Vps26a,361846
Vps26b,300472
Vps33a,65081
Vps33b,64060
Vps35,25479
Vps37b,288659
Vps39,362199
Vps45,64516
Vps4a,246772
Vps52,25218
Vsnl1,24877
Vwc2l,501160
Wbp11,297695
Wbp2,192645
Wbp4,114765
Wbscr17,288611
Wdfy3,305164
Wdr11,309016
Wdr12,363237
Wdr13,317370
Wdr19,305349
Wdr27,308222
Wdr3,310720
Wdr31,298096
Wdr35,298876
Wdr35l,503018
Wdr44,246152
Wdr45,302559
Wdr47,310785
Wdr48,363164
Wdr54,500226
Wdr6,301007
Wdr60,314523
Wdr67,299949
Wdr7,66031
Wdr73,308751
Wdr75,314545
Wdr78,313417
Wdr8,366515
Wfdc2,286888
Whsc2,305455
Wibg,366790
Wif1,114557
Wipf3,259242
Wipi2,288498
Wnk3,317420
Wrb,288233
Xkr4,297801
Xpo4,290280
Xpo5,363194
Xpo6,293476
Xpo7,361070
Xrn2,362229
Yars,313047
Ydjc,287938
Yif1,171441
Yipf1,298312
Yipf2,363027
Yipf5,361315
Ypel3,293491
Ypel4,502643
Ypel5,298792
Ythdc1,170956
Ywhag,56010
Zbbx,361964
Zbtb11,304010
Zbtb22,309630
Zbtb33,501506
Zbtb45,308366
Zc3h11a,360845
Zc3h13,305955
Zc3h14,192359
Zc3h15,362154
Zc3h18,292067
Zc3h3,300032
Zc3h7b,315158
Zc3hc1,296957
Zcchc10,360524
Zcchc14,365018
Zcchc17,500555
Zcchc4,360946
Zcchc7,298086
Zdhhc1,291967
Zdhhc13,365252
Zdhhc14,499014
Zdhhc15,317235
Zdhhc17,366889
Zdhhc21,298184
Zdhhc22,299211
Zdhhc23,363783
Zdhhc5,362156
Zer1,311842
Zfand2b,363253
Zfc3h1,314836
Zfp142,316524
Zfp180,246279
Zfp259,500989
Zfp277,298977
Zfp280d,315798
Zfp322a,680201
Zfp329,308361
Zfp330,361387
Zfp335,259270
Zfp358,360754
Zfp364,362002
Zfp385b,311137
Zfp511,293586
Zfp512,313906
Zfp532,307362
Zfp629,308998
Zfp638,312491
Zfp644,305127
Zfp654,288354
Zfp692,303164
Zfp74,365224
Zfp770,691610
Zfp804a,295695
Zfp827,291940
Zfp828,306647
Zfyve16,499508
Zfyve20,312562
Zfyve21,362789
Zfyve9,313477
Zmat2,679898
Zmat3,64394
Zmat4,684961
Zmym1,313604
Zmym2,305913
Zmym4,313598
Zmym6,362602
Zmynd11,291259
Zmynd19,311791
Zranb2,58821
Zswim3,311630
Zswim6,310062
Zufsp,294390