"","ID","Description","setSize","enrichmentScore","NES","pvalue","p.adjust","qvalue","rank","leading_edge","core_enrichment"
"GO:0098800","GO:0098800","inner mitochondrial membrane protein complex",140,-0.787729618135077,-2.95018542219827,1e-10,4.65e-09,3.68421052631579e-09,947,"tags=55%, list=9%, signal=51%","66495/20463/11950/78330/407785/17706/67680/595136/28080/226646/66449/75406/17993/228033/72900/66916/67530/224904/66928/17717/14356/11951/104130/11958/66052/230075/17709/102631912/69029/67713/70316/68375/17711/103172/67942/67067/70257/66046/17705/225887/17991/11957/17716/66414/66576/12859/54405/17992/68342/66218/67184/66377/110323/68197/66148/27425/57423/67130/66142/66477/66416/68194/100041273/71679/12861/66152/68198/12864/22272/17718/12867/12868/12857/69875/17710/66594/66091"
"GO:0005746","GO:0005746","mitochondrial respirasome",83,-0.835655742053159,-2.90796495188791,1e-10,4.65e-09,3.68421052631579e-09,947,"tags=67%, list=9%, signal=62%","66495/20463/78330/407785/67680/595136/226646/75406/17993/72900/66916/67530/66928/17717/67388/104130/66052/230075/17709/102631912/70316/68375/17711/66046/225887/17991/17716/66414/66576/12859/54405/17992/68342/66218/67184/66377/110323/68197/67130/66142/66416/68194/100041273/12861/66152/68198/12864/22272/17718/12867/12868/12857/69875/17710/66594/66091"
"GO:0098803","GO:0098803","respiratory chain complex",83,-0.828623817488736,-2.88349483919842,1e-10,4.65e-09,3.68421052631579e-09,947,"tags=66%, list=9%, signal=61%","66495/20463/78330/407785/67680/595136/226646/75406/17993/72900/66916/67530/66928/17717/104130/66052/230075/17709/102631912/70316/68375/17711/66046/225887/17991/17716/66414/66576/12859/54405/17992/68342/66218/67184/66377/110323/68197/67130/66142/66416/68194/100041273/12861/66152/68198/12864/22272/17718/12867/12868/12857/69875/17710/66594/66091"
"GO:0070469","GO:0070469","respirasome",89,-0.814648608628056,-2.86531284335421,1e-10,4.65e-09,3.68421052631579e-09,947,"tags=63%, list=9%, signal=58%","66495/20463/78330/407785/67680/595136/226646/75406/17993/72900/66916/67530/66928/17717/67388/104130/66052/230075/17709/102631912/70316/68375/17711/66046/225887/17991/17716/66414/66576/12859/54405/17992/68342/66218/67184/66377/110323/68197/67130/66142/66416/68194/100041273/12861/66152/68198/12864/22272/17718/12867/12868/12857/69875/17710/66594/66091"
"GO:0005747","GO:0005747","mitochondrial respiratory chain complex I",49,-0.854552020832304,-2.7006641856405,1e-10,4.65e-09,3.68421052631579e-09,947,"tags=73%, list=9%, signal=67%","66495/78330/407785/595136/226646/75406/17993/72900/66916/66928/17717/104130/230075/102631912/70316/68375/66046/225887/17991/17716/66414/54405/17992/68342/66218/67184/66377/68197/67130/66416/68194/100041273/68198/17718/69875/66091"
"GO:0030964","GO:0030964","NADH dehydrogenase complex",49,-0.854552020832304,-2.7006641856405,1e-10,4.65e-09,3.68421052631579e-09,947,"tags=73%, list=9%, signal=67%","66495/78330/407785/595136/226646/75406/17993/72900/66916/66928/17717/104130/230075/102631912/70316/68375/66046/225887/17991/17716/66414/54405/17992/68342/66218/67184/66377/68197/67130/66416/68194/100041273/68198/17718/69875/66091"
"GO:0045271","GO:0045271","respiratory chain complex I",49,-0.854552020832304,-2.7006641856405,1e-10,4.65e-09,3.68421052631579e-09,947,"tags=73%, list=9%, signal=67%","66495/78330/407785/595136/226646/75406/17993/72900/66916/66928/17717/104130/230075/102631912/70316/68375/66046/225887/17991/17716/66414/54405/17992/68342/66218/67184/66377/68197/67130/66416/68194/100041273/68198/17718/69875/66091"
"GO:0098798","GO:0098798","mitochondrial protein-containing complex",282,-0.671910573321562,-2.69824531637332,1e-10,4.65e-09,3.68421052631579e-09,1557,"tags=47%, list=14%, signal=41%","107734/68202/15929/66047/56282/66841/68499/68572/231086/79044/66541/66445/73078/27397/107197/15108/68611/64655/24030/433771/216767/66258/94064/17713/53333/64660/66495/20463/67840/338359/30058/11950/68735/78330/407785/17706/67680/27398/595136/28080/226646/66449/66230/12040/75406/68565/17993/228033/72900/66916/67530/66121/68463/52443/224904/66928/66169/17717/94065/14356/66292/68537/11951/66383/104130/11958/66052/30055/110826/12039/17827/230075/66845/17709/68512/102631912/69029/67713/70316/68375/17711/121022/103172/67942/67067/67270/70257/66046/17705/225887/17991/11957/17716/66414/107733/66576/12859/54405/17992/64659/68342/66218/67184/66377/110323/223696/68197/66448/66148/27425/57423/67130/66142/66477/66416/68194/100041273/71679/12861/66152/68198/12864/22272/17718/14548/12867/12868/12857/69875/17710/66594/66091"
"GO:0044391","GO:0044391","ribosomal subunit",184,-0.698615917769241,-2.65806721383223,1e-10,4.65e-09,3.68421052631579e-09,1773,"tags=57%, list=16%, signal=49%","319195/66163/19982/106338/19896/67681/67427/107734/66047/56282/68499/68572/79044/75617/65019/20005/66229/100043813/27397/20042/20116/102462/20104/68611/67186/66483/64655/24030/20091/216767/66258/94064/16898/68995/19988/20103/20088/64660/114641/14694/268449/26451/67840/267019/68735/14109/54217/27398/67025/66230/27207/20084/54127/57808/68565/66481/67941/76846/66121/68463/52443/27370/27176/68052/20055/19942/94065/19921/66475/66292/68537/19951/22187/66845/68193/67281/22121/19941/121022/57294/19981/67270/20054/67115/66489/20090/20826/67671/20085/107733/67248/19899/64659/20068/66448/67945/20044/270106/22186/68436/27050/56040/14548/76808/78294"
"GO:0022626","GO:0022626","cytosolic ribosome",113,-0.726338491018381,-2.64073889668681,1e-10,4.65e-09,3.68421052631579e-09,1450,"tags=58%, list=13%, signal=50%","75617/65019/20005/66229/100043813/20042/20116/20104/67186/66483/20091/16898/68995/19988/20103/20088/114641/268449/26451/267019/14109/54217/67025/27207/20084/54127/57808/66481/67941/76846/27370/27176/68052/20055/19942/19921/66475/19951/22187/68193/67281/22121/19941/57294/19981/20054/67115/66489/20090/20826/67671/20085/11815/67248/19899/20068/67945/20044/270106/22186/68436/27050/56040/76808/78294"
"GO:0015934","GO:0015934","large ribosomal subunit",112,-0.70420448642131,-2.55706674345545,1e-10,4.65e-09,3.68421052631579e-09,2282,"tags=63%, list=21%, signal=51%","19946/19943/94062/110954/94066/68836/66480/72181/102060/94063/27393/319195/66163/19982/106338/19896/67681/107734/66047/56282/68499/68572/65019/20005/66229/27397/20042/68611/67186/66483/216767/94064/19988/114641/268449/26451/67840/54217/27398/67025/57808/68565/68463/52443/27176/19942/94065/19921/68537/19951/66845/68193/67281/22121/19941/19981/67270/67115/66489/20826/67671/107733/67248/19899/66448/67945/270106/22186/68436/56040/76808"
"GO:0005743","GO:0005743","mitochondrial inner membrane",469,-0.589965181692484,-2.50736886700671,1e-10,4.65e-09,3.68421052631579e-09,1611,"tags=38%, list=15%, signal=34%","68066/76137/67681/66972/107734/68202/66047/72795/56282/66841/68499/68572/231086/79044/66541/66445/13804/73078/71883/67914/66826/71803/27397/76263/107197/70544/15108/68611/64655/24030/26457/433771/216767/66258/66839/94064/12896/17713/70310/12799/53333/66461/64660/52469/70397/68346/19125/269951/665563/69186/66495/20463/67840/30058/11950/68735/78330/407785/67013/17706/67680/27398/595136/28080/226646/94284/66449/66230/12040/75406/68565/17993/228033/68943/72900/66278/66916/67530/544717/66121/68463/52443/224904/66928/16832/14151/66271/17717/67388/94065/14356/66292/68537/11951/104130/11958/66052/30055/66487/17827/230075/66845/17709/102631912/69029/70556/67713/70316/68375/17711/121022/103172/67942/67067/66836/67270/70257/26912/66046/17705/225887/17991/11957/17716/66414/66359/107733/66576/56412/12859/54405/17992/64659/68342/66218/67184/66377/13177/67885/110323/223696/68197/66448/66148/70456/27425/57423/67267/67130/66142/66477/12759/66116/66416/68194/17527/100041273/56615/71679/12861/66152/27050/68198/12864/30057/22272/15159/17718/14548/12867/12868/625249/12857/69875/17710/66594/66091/55951"
"GO:0019866","GO:0019866","organelle inner membrane",494,-0.576726641493572,-2.45897897371581,1e-10,4.65e-09,3.68421052631579e-09,1611,"tags=36%, list=15%, signal=32%","68066/76137/67681/66972/107734/68202/66047/72795/56282/66841/68499/68572/231086/79044/66541/66445/13804/73078/71883/67914/66826/71803/27397/76263/107197/70544/15108/68611/64655/24030/26457/433771/216767/66258/66839/94064/12896/17713/70310/12799/53333/66461/64660/52469/70397/68346/19125/269951/665563/69186/66495/20463/67840/30058/11950/68735/78330/407785/67013/17706/67680/27398/595136/28080/226646/94284/66449/66230/12040/75406/68565/17993/228033/68943/72900/66278/66916/67530/544717/66121/68463/52443/224904/66928/16832/14151/66271/17717/67388/94065/14356/66292/68537/11951/104130/11958/66052/30055/66487/17827/230075/66845/17709/102631912/69029/70556/67713/70316/68375/17711/121022/103172/67942/67067/66836/67270/70257/26912/66046/17705/225887/17991/11957/17716/66414/66359/107733/66576/56412/12859/54405/17992/64659/68342/66218/67184/66377/13177/67885/110323/223696/68197/66448/66148/70456/27425/57423/67267/67130/66142/66477/12759/66116/66416/68194/52668/17527/100041273/56615/71679/12861/66152/27050/68198/12864/30057/22272/15159/17718/14548/12867/12868/625249/12857/69875/17710/66594/66091/55951"
"GO:0005840","GO:0005840","ribosome",225,-0.624777974016012,-2.45213128664124,1e-10,4.65e-09,3.68421052631579e-09,1588,"tags=47%, list=15%, signal=41%","67681/67427/107734/66047/56282/68499/68572/79044/75617/65019/20005/66229/100043813/27397/20042/20116/102462/20104/68135/68611/67186/66483/64655/24030/20091/216767/66258/94064/16898/68995/19988/20103/20088/64660/114641/14694/268449/17973/26451/67840/267019/68735/14109/54217/27398/67025/66230/27207/20084/54127/57808/68565/66481/67941/76846/66121/68028/68463/52443/27370/27176/68052/20055/19942/94065/19921/66475/66292/68537/19951/22187/66845/68193/67281/22121/19941/121022/57294/19981/67270/20054/67115/66489/20090/20826/67671/20085/107733/11815/67248/19899/64659/20068/66448/67945/20044/270106/66416/22186/68436/27050/56040/14548/76808/78294/17751"
"GO:1990204","GO:1990204","oxidoreductase complex",109,-0.656128204591826,-2.37808485583108,3.81945908604319e-10,1.65764524334274e-08,1.31335786116573e-08,947,"tags=46%, list=9%, signal=42%","66495/14555/78330/407785/67680/595136/226646/12040/75406/17993/72900/66916/67530/66928/16832/17717/104130/66052/110826/12039/230075/102631912/70316/68375/17711/66046/225887/17991/17716/66414/66576/54405/17992/68342/66218/67184/66377/68197/67130/66416/68194/100041273/66355/66152/68198/22272/17718/69875/66594/66091"
"GO:0097060","GO:0097060","synaptic membrane",377,0.506007487244093,1.81944496640539,2.11973757749568e-08,7.66638423860939e-07,6.07410183025079e-07,2606,"tags=44%, list=24%, signal=35%","327814/20616/20527/67979/15561/11838/232975/12805/12671/17967/22343/17957/23964/232370/18213/17118/211446/21366/13838/23792/14270/16952/319504/108030/66673/54524/230868/19277/14809/235086/238276/108071/12330/381290/268566/20910/18186/77116/56216/14400/74006/12293/14283/16728/12565/80879/70495/58235/16531/12725/238988/19211/29816/14062/64085/67300/100986/268882/271457/18717/11640/102857/103967/18196/245684/229521/56543/14395/226922/54393/19259/54725/18191/241263/76108/94332/20979/19281/81840/14402/16412/241770/12217/16402/243621/18752/11735/56044/109676/105722/13642/383348/14405/19262/58998/18082/22333/207728/18190/14812/238205/12387/110637/11472/232813/104015/20907/217124/54525/18530/14799/20511/243961/192167/64009/70178/12801/16522/268345/108073/83945/20355/26422/319387/74513/245537/18189/72685/22782/246317/210933/19283/50849/18673/12564/109689/65945/71770/13429/211323/11539/320873/14811/74342/219228/12929/330814/217480/11441/116837/18187/12558/13385/224997/80749/14403/268980/68585/14252/210274/13806/20273/381582/16524/20265/17295"
"GO:0070382","GO:0070382","exocytic vesicle",216,0.551780721487527,1.89625785595997,4.14944467237873e-07,1.35064424085928e-05,1.07011994182399e-05,1764,"tags=35%, list=16%, signal=30%","22240/140919/327814/64176/12728/20983/20616/111173/22318/67295/20527/20965/11789/68666/83671/12727/20927/20964/11772/54524/20743/107767/20404/17918/229706/77116/74006/16560/56807/70495/12725/72003/76252/235380/67300/83431/271457/11980/18578/229521/14395/54393/105853/67474/18555/224624/19259/54725/19027/11975/20979/11964/22335/12217/56526/11966/22319/72961/22333/216363/14812/80718/228960/100503185/100226/20907/20617/19346/54525/23821/20972/13002/14799/67703/16570"
"GO:0005759","GO:0005759","mitochondrial matrix",267,-0.453885225129029,-1.81141323648959,4.39748918960474e-07,1.36322164877747e-05,1.08008506411345e-05,2219,"tags=37%, list=21%, signal=31%","94062/52856/94066/68836/268697/66399/66077/66587/67994/17766/72181/11409/11740/11655/67851/102060/94063/27393/14194/78038/12534/11370/66163/106338/67681/23897/107734/15929/66047/53895/56282/100039707/66841/18242/68499/68572/231086/79044/57320/73078/11669/76357/27397/76263/11363/15108/68611/64655/24030/216767/14651/66258/94064/17713/64660/68346/665563/21915/67840/338359/56248/68735/15528/27398/66449/66230/12040/68565/66121/12261/68463/52443/75530/94065/78653/66292/68537/17850/66383/110826/12039/68738/66845/66834/67713/121022/67270/14533/11364/107733/15473/64659/66448/66148/18477/67267/66416/27050/14548/104444"
"GO:0005930","GO:0005930","axoneme",103,-0.585434660296543,-2.09331119957255,8.0598405593089e-07,2.28128530613482e-05,1.80746996524548e-05,1878,"tags=40%, list=17%, signal=33%","207686/21689/69387/71233/13036/14894/67483/69327/433700/68475/104346/75429/546143/242646/70997/242584/75564/22158/66061/330577/105000/14634/68146/56350/211535/75472/207607/22142/11793/50525/71820/72421/75556/73545/329795/71860/69310/75504/56486/227613/216618"
"GO:0097014","GO:0097014","ciliary plasm",104,-0.581216931951296,-2.08441929699452,7.7961028404472e-07,2.28128530613482e-05,1.80746996524548e-05,1878,"tags=39%, list=17%, signal=33%","207686/21689/69387/71233/13036/14894/67483/69327/433700/68475/104346/75429/546143/242646/70997/242584/75564/22158/66061/330577/105000/14634/68146/56350/211535/75472/207607/22142/11793/50525/71820/72421/75556/73545/329795/71860/69310/75504/56486/227613/216618"
"GO:0030426","GO:0030426","growth cone",183,0.565502391305922,1.9038331532904,1.04887420375128e-06,2.84507127767535e-05,2.25415947297424e-05,2135,"tags=37%, list=20%, signal=30%","22240/16574/20257/12933/15519/22152/17967/11789/17755/13175/17756/18039/71653/15516/17118/13838/18479/52822/22084/77579/26875/231876/18186/16728/58235/238988/243725/269473/170758/17762/18472/83431/13052/54160/16593/13508/99512/72832/50876/16572/70827/19417/27373/22687/12934/76161/16971/22253/51789/20617/217124/381921/100503659/16570/12801/12313/382253/11350/270163/14086/15572/16885/18189/19283/56195/11820/14359/56637"
"GO:0030427","GO:0030427","site of polarized growth",187,0.563795433390487,1.9044373301191,1.30003519437949e-06,3.22608427861835e-05,2.55603734582099e-05,2135,"tags=36%, list=20%, signal=30%","22240/16574/20257/12933/15519/22152/17967/11789/17755/13175/17756/18039/71653/15516/17118/13838/18479/52822/22084/77579/26875/231876/18186/16728/58235/238988/243725/269473/170758/17762/18472/83431/13052/54160/16593/13508/99512/72832/50876/16572/70827/19417/27373/22687/12934/76161/16971/22253/51789/20617/217124/381921/100503659/16570/12801/12313/382253/11350/270163/14086/15572/16885/18189/19283/56195/11820/14359/56637"
"GO:0070069","GO:0070069","cytochrome complex",33,-0.77296094067163,-2.271218233754,2.80265978636839e-06,6.5161840033065e-05,5.16279434331019e-05,654,"tags=52%, list=6%, signal=49%","67530/17709/17711/66576/12859/17992/110323/66142/12861/66152/12864/22272/12867/12868/12857/17710/66594"
"GO:0098552","GO:0098552","side of membrane",320,0.472150917574122,1.68100127711092,4.15375878502974e-06,8.72289344856245e-05,6.91117760497308e-05,1585,"tags=24%, list=15%, signal=21%","14706/15945/12522/16590/13839/12523/320772/16653/12805/74048/17967/320840/22329/268890/17969/12505/23888/21926/11772/15894/14679/14702/14677/54524/230868/77579/18669/238276/12330/268566/77781/13518/16728/13636/70495/16531/12725/19211/14360/17762/17207/14782/16452/16410/16542/14102/271457/381813/14674/20539/15042/20528/18555/16164/19055/56722/11829/16412/16337/16402/14687/12554/14972/109676/11771/12506/14964/230959/13136/14672/13639/237847/16971/15007/22042/239188"
"GO:0045263","GO:0045263","proton-transporting ATP synthase complex, coupling factor F(o)",12,-0.912207719402597,-2.11153390920429,4.61378685785476e-06,9.10174316504076e-05,7.21134150031526e-05,868,"tags=92%, list=8%, signal=84%","11950/17706/28080/228033/11951/11958/67942/11957/27425/57423/71679"
"GO:0099572","GO:0099572","postsynaptic specialization",369,0.466258960888313,1.67611101324164,7.6840825358548e-06,0.000132634967431898,0.000105087127563474,2445,"tags=38%, list=23%, signal=31%","327814/22631/20616/111173/11838/12671/20965/17755/13175/17756/229279/11426/232370/14432/13838/14270/20964/18479/53379/319504/18040/22084/66673/18481/26875/59079/19277/14809/235086/238276/108071/110279/268566/70546/13518/17754/68097/77116/14400/13669/80879/226251/77531/243725/65114/29816/14360/17762/26413/64085/100986/268882/18717/226180/11640/18578/103967/245684/17920/81489/229521/56543/14395/17758/112405/54725/19281/20848/81840/68942/14402/12217/11991/243621/12168/18752/109676/13642/382056/230863/58998/22333/12176/14812/18521/56013/13829/238205/12387/110637/11472/232813/20907/217124/17096/217692/52398/14799/243961/192167/70178/382253/26414/20742/18607/217125/20355/74513/245537/72685/22782/16646/246317/210933/224105/19283/50849/18673/14359/104001/13690/65945/56637/60597/211323/545156/320873/11519/14811/74342/13860/12323/217480/11441/116837/20336/12558/13385/14000/224997/80749"
"GO:0098984","GO:0098984","neuron to neuron synapse",381,0.463503273600041,1.66744784390991,1.49362210508866e-05,0.000226127439630865,0.000179161525457391,2214,"tags=36%, list=21%, signal=30%","22631/20616/111173/11838/232975/12671/20965/17755/13175/17756/229279/11426/232370/14432/13838/14270/20964/18479/53379/243743/319504/18040/22084/66673/18481/26875/19277/20404/14809/235086/238276/108071/110279/268566/70546/13518/17754/68097/77116/13669/12565/80879/226251/58235/77531/243725/65114/29816/72003/14360/17762/26413/64085/100986/268882/18717/226180/18578/103967/245684/17920/81489/229521/17758/105853/112405/54725/20979/19281/15569/20848/81840/68942/21960/16412/12217/11991/19085/243621/12168/18752/109676/13642/382056/230863/58998/22333/20661/106947/12176/14812/18521/56013/13829/238205/12387/110637/11472/232813/20907/217124/54525/23821/217692/52398/14799/243961/192167/70178/108073/382253/26414/20742/18607/217125/20355/74513/18189/72685/22782/16646/246317/210933/30945/224105/19283/50849/18673/14359/104001/13690/65945/56637/60597/211323/11539/226359/545156/11519"
"GO:1902495","GO:1902495","transmembrane transporter complex",235,-0.425576877664329,-1.6733788487149,4.5306023466497e-05,0.000641178723406294,0.000508008043445847,1044,"tags=25%, list=10%, signal=23%","16526/66240/382571/320508/57776/21871/66495/14397/78330/407785/99738/241794/595136/226646/75406/17993/228033/72900/66916/67530/66928/17717/11951/104130/230075/102631912/69029/70316/68375/17711/67942/66046/225887/17991/17716/66414/66576/54405/66144/17992/68342/66218/67184/66377/68197/67130/66416/68194/100041273/66152/68198/11974/22272/17718/69875/66594/66091/16525"
"GO:1990351","GO:1990351","transporter complex",253,-0.413944502525216,-1.64602680046041,5.59790789856412e-05,0.000714556478816714,0.000566145484065308,1044,"tags=24%, list=10%, signal=22%","16526/66240/382571/320508/57776/21871/66495/30058/14397/78330/407785/99738/241794/595136/226646/75406/17993/228033/72900/66916/67530/66928/17717/14356/11951/104130/30055/230075/102631912/69029/70316/68375/17711/67942/66046/225887/17991/17716/66414/66576/54405/66144/17992/68342/66218/67184/66377/68197/67130/66416/68194/100041273/66152/68198/11974/22272/17718/69875/66594/66091/16525"
"GO:0099571","GO:0099571","postsynaptic cytoskeleton",22,0.802750978301535,1.95545385748014,0.000102398399892167,0.00119038139874644,0.00094314315690154,910,"tags=45%, list=8%, signal=42%","18039/17118/18040/77579/20743/17918/243725/226180/11465/17920"
"GO:0009897","GO:0009897","external side of plasma membrane",141,0.527423319763069,1.72679864922881,0.000174462122004032,0.00197816989703992,0.00156731061451946,1585,"tags=27%, list=15%, signal=23%","15945/12522/16590/13839/12523/74048/17967/22329/12505/21926/15894/230868/18669/16728/70495/16531/12725/14782/16410/16542/14102/20539/15042/20528/16164/11829/16412/16337/16402/12554/14972/12506/14964/13136/16971/15007/22042/239188"
"GO:0032040","GO:0032040","small-subunit processome",70,-0.563723114506325,-1.88618528754398,0.000191358279352762,0.00211142779421437,0.00167289129139792,1348,"tags=37%, list=12%, signal=33%","100043813/20042/20116/102462/20104/66249/20091/20103/20088/70078/57315/267019/14791/27207/54127/76846/68052/20055/66475/57294/20826/20085/67134/20068/20044/78294"
"GO:0060076","GO:0060076","excitatory synapse",81,0.565221670223899,1.74937764910227,0.00106437887216489,0.0108267288403022,0.00857805341053938,2978,"tags=60%, list=28%, signal=44%","140919/20616/243743/26875/20743/238276/20910/12308/80879/18578/229521/94332/20979/15569/16412/12217/72961/20661/14812/232813/104015/14799/243961/192167/16522/74117/245537/18189/246317/210933/226359/14811/68507/74342/13385/19058/20273/16524/17295/72333/216856/14824/16400/16510/216963/19268/192198/14810/107932"
"GO:0019898","GO:0019898","extrinsic component of membrane",149,0.504481754610661,1.66269022262912,0.00109991592822852,0.0110160810657964,0.00872807781104411,2517,"tags=40%, list=23%, signal=31%","14706/20616/12563/20965/11789/23964/20964/14679/14702/14677/268566/20910/12565/18706/14360/27062/271564/17207/67300/100986/16452/14674/78610/245684/67474/11964/23805/12217/14687/12554/109676/11966/71982/14672/75669/12387/17096/26422/17874/74769/72685/22034/50849/18673/12564/71770/14680/545156/320873/18708/12929/217480/116837/12558/225326/14701/641340/218038/11938/18577"
"GO:0016328","GO:0016328","lateral plasma membrane",40,0.66224886370403,1.83123167438726,0.00134781284031393,0.0130959128215577,0.0103759354556768,1893,"tags=40%, list=18%, signal=33%","23828/11789/16952/20740/19277/80879/17913/11931/18196/108903/11735/20501/12387/17250/51792/14365"
"GO:0048786","GO:0048786","presynaptic active zone",91,0.553939060434726,1.72349523757509,0.00133700054248931,0.0130959128215577,0.0103759354556768,2704,"tags=49%, list=25%, signal=37%","327814/20616/111173/17957/20964/26875/12330/381290/20910/56216/14400/12293/58235/16531/238988/12287/229521/14395/241770/12217/72961/22333/14812/12387/20907/14799/108073/14365/18189/18673/11820/211323/11539/320873/68507/231760/116837/12558/14252/210274/20273/64051/14401/14802/16400"
"GO:0009986","GO:0009986","cell surface",426,0.3979907938345,1.44888800248885,0.00151089904342469,0.0144646364304334,0.011460379741147,1830,"tags=25%, list=17%, signal=22%","15945/12522/16590/13003/13839/12523/15519/74048/17967/378937/22329/240028/72043/12266/232370/15516/16956/12505/13838/23888/21926/16952/11501/17470/15894/20970/16423/230868/18669/18186/14828/13483/17975/16728/70495/22041/16531/12725/19294/14062/64085/21937/14782/16410/16542/14102/12389/19242/20539/22317/15042/12870/20528/16164/232670/19281/20778/22359/14402/11829/21960/22403/59025/16412/16337/12217/16402/19261/20167/84094/12554/14972/12168/11735/56044/12506/21802/11946/22319/14964/230959/12496/14827/13136/12337/20661/14812/237847/16971/76299/15007/22042/239188/238205/19272/12497/17096/23821/14799/20511/22339/192167/22421/16522/12484/108073/21808"
"GO:0019897","GO:0019897","extrinsic component of plasma membrane",88,0.555426794299837,1.72705686092323,0.00161100383259791,0.0151994709423368,0.0120425915785351,2436,"tags=44%, list=23%, signal=35%","14706/20616/12563/11789/23964/14679/14702/14677/268566/20910/12565/14360/17207/100986/16452/14674/245684/23805/14687/12554/109676/14672/12387/17096/26422/17874/72685/22034/50849/18673/12564/71770/14680/320873/12929/217480/116837/12558/14701"
"GO:0098797","GO:0098797","plasma membrane protein complex",288,0.433135807117012,1.53344409035684,0.00174485929966309,0.0162271914868667,0.0128568579975175,1858,"tags=24%, list=17%, signal=21%","14706/20616/15561/232975/12563/11789/22343/22329/75739/17969/20927/21366/54598/11772/11501/14679/14702/108030/14677/14809/15166/13483/12293/12565/83493/22041/16531/67300/100986/16452/11931/16410/14102/12389/12287/14674/20539/18578/56543/226922/54393/208117/23805/12367/16412/16337/16402/14687/12554/14972/11771/14964/22032/14672/14812/235281/15007/22042/12387/110637/24051/104015/51789/17096/14799/98660/14611/268345/12313/12297"
"GO:0005871","GO:0005871","kinesin complex",33,0.679087297127093,1.81550709127106,0.00182780794282355,0.016759196771523,0.0132783675609124,1769,"tags=42%, list=16%, signal=36%","16574/19348/16568/16560/16561/16579/18472/83431/16593/16572/73804/16564/16570/16581"
"GO:1902554","GO:1902554","serine/threonine protein kinase complex",98,0.536820073014914,1.68869295046966,0.00201135493928993,0.0178793014161181,0.0141658302108462,1688,"tags=23%, list=16%, signal=20%","12575/111173/19088/18749/12450/12444/69131/18647/12421/227154/78610/108097/18555/22241/16969/19085/230784/12455/12537/56706/264064/57261/51897"
"GO:0009925","GO:0009925","basal plasma membrane",153,0.487387421459618,1.61123301553876,0.00198307630197221,0.0178793014161181,0.0141658302108462,1603,"tags=25%, list=15%, signal=21%","15446/11987/15519/12671/107723/22343/15516/12505/21366/108030/59079/238276/381290/80879/22041/17913/53416/11931/13052/12389/20539/215113/54725/213452/11829/19417/230099/12168/11735/109676/11771/21802/230959/16971/20501/22042/12387/22063"
"GO:0045178","GO:0045178","basal part of cell",161,0.47081945622159,1.56211014291145,0.00218145294086722,0.0184431930455138,0.0146126034316465,1603,"tags=24%, list=15%, signal=20%","15446/11987/15519/12671/107723/22343/15516/12505/21366/108030/59079/238276/381290/80879/22041/17913/53416/11931/13052/12389/20539/215113/54725/213452/11829/19417/230099/12168/11735/109676/11771/21802/230959/16971/20501/22042/12387/22063"
"GO:0005905","GO:0005905","clathrin-coated pit",55,0.600665887599056,1.746757912788,0.00229983933450767,0.0189518405919556,0.0150156065810628,2137,"tags=45%, list=20%, signal=37%","20616/101490/11772/269774/108012/74006/22041/29816/67300/17920/20528/22359/12168/11771/20661/73242/16971/22042/104015/51789/67602/15510/11820/109689/71770"
"GO:0099522","GO:0099522","cytosolic region",45,0.630838515755693,1.78187771641001,0.00244638650580772,0.019421922137571,0.0153880537592527,834,"tags=33%, list=8%, signal=31%","16574/327814/111173/18751/17118/53379/54189/20404/20910/18795/77531/19211/13685/268882/18754"
"GO:1990229","GO:1990229","iron-sulfur cluster assembly complex",11,-0.783429771435956,-1.73893650757991,0.00253366966399489,0.0198725174850684,0.0157450619576094,1241,"tags=64%, list=12%, signal=56%","380840/66162/68165/69168/78653/66383/70316"
"GO:0080008","GO:0080008","Cul4-RING E3 ubiquitin ligase complex",29,0.705988956046137,1.82475385945459,0.00272141654009178,0.0210909781857113,0.0167104524391601,1669,"tags=41%, list=15%, signal=35%","76843/242418/99375/56407/71991/71833/98193/75763/223499/13194/74106/28199"
"GO:0046540","GO:0046540","U4/U6 x U5 tri-snRNP complex",35,-0.574480463147681,-1.69348500840333,0.00459422528635514,0.0325091376241,0.0257570982873458,2486,"tags=56%, list=23%, signal=43%","78651/67678/66373/70767/76522/53607/20641/67332/50783/27366/68035/20643/20624/27756/66618/69878/107686/66094/20638/20826"
"GO:0097526","GO:0097526","spliceosomal tri-snRNP complex",35,-0.574480463147681,-1.69348500840333,0.00459422528635514,0.0325091376241,0.0257570982873458,2486,"tags=56%, list=23%, signal=43%","78651/67678/66373/70767/76522/53607/20641/67332/50783/27366/68035/20643/20624/27756/66618/69878/107686/66094/20638/20826"
"GO:0098685","GO:0098685","Schaffer collateral - CA1 synapse",128,0.484168335722471,1.57439948145732,0.00456632064222269,0.0325091376241,0.0257570982873458,2014,"tags=40%, list=19%, signal=33%","20616/20965/17967/18039/13838/20964/20404/108071/110279/17918/14400/16728/77531/14360/18472/19877/11784/12287/226180/11465/19242/17920/236794/229521/54393/83397/54725/76108/19055/20848/12889/21960/16412/12217/19085/56044/13642/19262/216238/12387/104015/20907/18530/243961/22421/270163/319387/26420/18189/22782/246317"
"GO:0001650","GO:0001650","fibrillar center",117,0.482772151353756,1.56063862215151,0.0046992439888021,0.032544764220321,0.0257853253584886,1465,"tags=25%, list=14%, signal=22%","16590/217946/231986/268903/240354/72102/27399/18028/93736/66679/18037/50493/17975/212880/21749/19720/58185/23849/74480/20592/105372/74320/56452/70769/21771/67897/55989/22032/72515"
"GO:0031252","GO:0031252","cell leading edge",315,0.395869015627806,1.41025974475098,0.00500674912700697,0.033952017517516,0.0269002968446647,1919,"tags=25%, list=18%, signal=21%","22240/22631/57748/20257/240880/22152/11789/17756/11426/71653/12505/14270/53872/18479/52822/219140/269774/99167/56193/77579/15166/13800/238276/17918/18458/13518/18720/57436/24057/226251/18706/243725/29816/17762/17913/17207/18472/16410/83431/271457/19877/106957/17920/14395/54393/70549/234353/23805/20874/16412/16337/16402/18016/226751/11966/14405/77300/78618/76161/22253/56013/12387/232813/11911/19272/72993/217124/268747/14799/20511/268345/382253/11350/14086/15185/20742/74117/59009/16885"
"GO:0030990","GO:0030990","intraciliary transport particle",23,-0.625170573031015,-1.67760005031526,0.00828791587805724,0.0534201310555967,0.0423249482047738,3166,"tags=65%, list=29%, signal=46%","74019/74682/106633/245866/72938/81896/76411/76568/67286/67694/212190/67042/55978/76779/72421"
"GO:0045121","GO:0045121","membrane raft",194,0.419263609733147,1.42040099062524,0.00962781718570914,0.0602664325759294,0.0477492957590838,1814,"tags=28%, list=17%, signal=24%","23828/20527/11838/12505/21926/15894/15117/22084/18655/15368/238276/381290/15275/16531/14360/17762/14062/26413/17913/21937/16452/11931/16542/14102/271457/13052/12389/106957/56543/20528/105853/19225/20778/21960/16412/16337/84094/12554/238161/12168/12506/11946/14964/13136/76524/100226/12387/22063/17096/20511/98660/13033/12801/210044/12484"
"GO:0098857","GO:0098857","membrane microdomain",194,0.419263609733147,1.42040099062524,0.00962781718570914,0.0602664325759294,0.0477492957590838,1814,"tags=28%, list=17%, signal=24%","23828/20527/11838/12505/21926/15894/15117/22084/18655/15368/238276/381290/15275/16531/14360/17762/14062/26413/17913/21937/16452/11931/16542/14102/271457/13052/12389/106957/56543/20528/105853/19225/20778/21960/16412/16337/84094/12554/238161/12168/12506/11946/14964/13136/76524/100226/12387/22063/17096/20511/98660/13033/12801/210044/12484"
"GO:0099738","GO:0099738","cell cortex region",35,0.600680759941832,1.63202895867198,0.0111477052243864,0.0684637368025996,0.0542440472686132,1181,"tags=23%, list=11%, signal=20%","111173/54130/14677/26875/20910/238988/241770/12217"
"GO:0098982","GO:0098982","GABA-ergic synapse",110,0.471717926797246,1.51251554375762,0.0112931662817662,0.0687088901815869,0.0544382831093501,2287,"tags=40%, list=21%, signal=32%","111173/11595/320772/232370/14432/21366/18479/26875/19277/235086/268566/229706/14400/18795/12725/238988/232341/56543/14395/54393/18191/14402/12217/13004/12554/243621/238205/54525/52398/192167/13033/12801/268345/108073/26422/245537/18189/18673/65945/74762/211323/320873/74342/219228"
"GO:0043292","GO:0043292","contractile fiber",124,-0.387115787905561,-1.41833668565877,0.0134508643226785,0.0788875015681416,0.0625028308972259,431,"tags=9%, list=4%, signal=9%","67268/17896/109552/140492/11747/53318/12955/20193/13007/13167/13010"
"GO:0060077","GO:0060077","inhibitory synapse",25,0.658352525370066,1.65284956300971,0.0144040270384112,0.0822545754561901,0.0651705747813617,1964,"tags=52%, list=18%, signal=43%","230868/26875/235086/268566/12725/229521/14395/14402/12217/243621/192167/245537/18189"
"GO:0005839","GO:0005839","proteasome core complex",17,-0.650366901933712,-1.64710019752602,0.0149050698814458,0.0833506915582094,0.0660390312289152,2636,"tags=76%, list=24%, signal=58%","26440/26442/19177/19167/26443/19166/19170/26444/26446/26441/26445/19172/19175"
"GO:0072546","GO:0072546","EMC complex",11,-0.705764652006057,-1.56654746076763,0.0178510397867677,0.0952543188621787,0.0754703148879741,1299,"tags=55%, list=12%, signal=48%","66087/73024/66048/68032/18117/216829"
